instance_0001,7-54-43-44-36-15-12-39-2-17-27-59-26-16-47-32-10,24-77-115-61-12-36-106-41-94-90-101-54-57-2-80-19-5-22-33-78-7-66-91-85-108-49-74-1-52-64-76-88-84-103-43-45-39-92,1.263157894736842,0.10762947399996392
instance_0003,45-59-78-20-47-73-7-67-8-71-24,57-122-36-56-86-45-66-4-20-37-64-69-3-109-65-17-67-81-41-118-116-10-76-110-31-44-88-115-92-51-104-53-90-23,1.0,0.12252099900013036
instance_0004,5-1,78-63-2-43-74-26-21-72-67-55-44-29,0.3333333333333333,0.09165354900005696
instance_0005,2588-1400-1206-1484-1596-819-1294-656-2455-1226-1868-1696-1113-968-2124-1246-175-2494-2094-450-1880-1110-337-1528-1177-1855-2294-2090-660-1961-2045-629-1784-1578-1143-2333-812-2215-1383-2541-1764-2561-1692-599-1426-5-491-2462-612-2249-149-2292-826-1221-1485-1445-2181-1087-2416-1688-2305-1353-1092-2125-631-257-1518-1510-223-1047-2474-144-1463-506-633-999-2444-1619-672-1345-2499-1816-2502-1441-1546-1530-2532-279-332-2430-1458-1362-2041-1829-138-590-772-955-2137-1811-1602-1901-2460-1860-1309-1621-142-2447-2185-1584-2516-1996-1964-135-2120-953-2394-2254-1399-613-1343-1430-1712-145-2534-2287-2563-2413-1717-1545-1245-1149-2485-105-753-155-1765-1147-1858-2470-1562-1828-1027-162-209-365-925-708-2512-675-1344-130-2176-2513-1195-712-478-786-1414-2051-730-1592-651-121-880-229-2171-1457-856-2060-1974-1850-212-522-251-1338-1577-2448-2083-1820-492-1925-1347-53-1821-1958-1998-1782-1314-1701-104-291-552-176-2459-1666-774-226-2539-1098-147-1444-1394-2528-673-1056-2550-1435-1843-2521-655-1637-2315-2529-363-1494-1655-988-1718-923-2381-2522-1585-146-349-1192-1028-1767-1342-867-1130-2017-1714-1101-1460-1112-888-2369-1869-638-2569-2079-432-940-864-777-9-352-970-2307-2365-1374-514-2389-1609-122-990-483-577-921-2586-1851-2275-2247-2473-2386-756-99-2007-996-1570-596-1702-1834-1773-2372-280-2335-2071-1633-1819-1367-40-2228-2492-299-2571-980-1133-17-1563-701-644-593-1600-1550-1398-1771-373-922-334-2286-2250-1136-2515-403-392-1469-1229-563-531-2411-1659-1266-2173-1742-1247-1519-1127-1179-860-796-1972-873-1910-1744-1209-1442-1759-2267-2241-1524-1116-1465-1230-42-1016-1822-1144-2126-1796-1067-1654-1560-302-769-1462-2623-2018-776-69-418-835-2486-2093-1553-1160-84-158-2224-1571-1716-1814-292-778-2239-1852-305-1142-2078-697-2209-966-2410-545-931-2393-770-1707-935-471-227-1069-50-939-1574-1425-1360-1507-1682-1978-1122-815-2072-924-771-8-641-26,131-149-54-65-56-99-78-32-81-137-103-59-90-118-159-96-98-104-50-145-61-68-51-134-83-25-77-143-79-45-93,46.0,1.796161976999997
instance_0006,5753-698-1939-400-9632-4910-10145-7919-4973-734-6565-5617-2764-4494-8005-3546-5920-1102-1873-125-5492-8330-1631-4729-8266-9836-5698-10248-3765-2307-5615-3612-8885-8653-1945-2709-2632-360-8294-4197-9717-1902-2447-8660-8104-3737-7997-9326-7773-6251-3939-4868-5103-5619-3485-10249-2164-1766-6739-3365-4100-9919-2653-5600-9728-7437-3063-2624-9375-8363-297-7159-7932-10008-10160-6812-666-3123-8358-2647-42-6893-4882-8872-7937-208-3679-6201-4909-936-7206-5327-8421-4691-6100-8536-4756-908-588-738-6939-9622-940-5153-10228-1864-4471-3140-6177-3121-8074-6974-5764-5578-6847-8917-7327-3026-1341-5919-8212-7409-4562-417-2171-2684-8112-8153-9293-7651-3718-9679-4363-171-7771-300-8632-7303-6534-8656-5363-6536-1040-7198-9732-1468-7724-2317-8934-944-6606-8364-9921-3759-3933-9928-2703-8332-6575-8772-2762-8706-8624-9176-2708-2409-1807-1745-937-4747-6318-10097-7942-3302-3045-6077-2895-5930-7175-6285-9916-2066-8094-7580-943-4199-2067-6822-6328-7549-8532-7819-2842-10086-2995-8842-4011-1078-689-886-3076-7044-3506-3148-3576-3377-451-8700-8617-6130-4459-9423-4806-4483-8623-36-6027-9799-8226-9336-8505-791-9760-1090-2086-3066-658-527-1418-6457-9573-4349-3439-2479-3212-5294-972-8137-5975-2912-1977-9834-662-6504-8998-7603-1772-1749-1654-10061-7631-5469-5163-5385-4461-9031-654-2532-1558-643-2042-1826-6558-2434-7242-9801-7176-1130-8545-8471-9690-1292-2238-6148-5669-9041-7563-10242-7689-2151-5818-10318-2401-6370-3354-2222-118-4056-8906-10226-5090-5896-5306-7038-1606-9172-8045-3845-2080-7704-3866-1409-2218-7786-1034-3083-7372-10019-9414-1131-671-2847-1127-5703-4269-3680-2743-6438-8346-10128-8597-4708-6642-10122-8599-3771-5903-8853-7711-5349-3727-6930-4865-6075-98-4676-3878-5165-3210-7761-4139-9048-2214-6029-5429-5241-3467-1013-3429-5110-7568-3380-8762-513-8123-2384-1405-7714-9806-859-9487-2948-4175-4548-2191-5605-3466-6903-2837-9970-10021-10267-2635-4074-2053-2300-8710-8230-9113-4546-9515-6001-1732-4204-6301-1029-4743-8751-7744-5021-1240-5633-614-7681-5763-5577-2733-9184-702-335-6935-7396-5586-352-1639-9220-8823-4884-3372-1647-5426-9973-6133-10321-3088-2664-5324-9197-6738-3955-5694-5357-6659-5234-5307-6647-5479-6254-8385-6737-8195-3332-7729-3119-9901-1719-8551-4073-3047-6413-1879-5502-1268-8383-4953-2283-7790-7452-10272-5631-3286-3477-4408-3587-1706-1137-5993-4933-445-7545-8488-8142-6570-6750-3254-10152-2927-7066-5009-1641-5390-3684-9731-7345-9979-2332-4892-8006-5887-4679-8341-8309-6673-4153-818-2801-8002-2015-3507-4720-9843-6401-7169-1729-9867-8954-4229-6145-9014-9204-5897-5645-2202-8740-10109-516-5282-806-9896-3263-4698-358-4388-6405-9308-2732-7987-585-8680-7750-2338-4418-2165-8356-8634-1475-9907-4886-9803-3068-7026-1059-4444-1804-1687-5973-5274-9547-247-866-10296-4044-2606-4146-8893-4000-5869-3492-9694-1952-9314-5534-7280-680-6766-8250-5720-1498-6849-4518-4445-2131-2415-1516-7447-7527-7089-9950-2865-7679-1842-8779-8184-3486-8303-1840-7598-3549-1367-6321-3915-9398-6085-9147-511-582-205-8939-457-5707-7330-7602-3850-736-2803-2087-8144-5355-1708-7193-9903-1112-7455-6372-6384-9006-8851-2919-175-5478-1991-8249-10135-9148-9565-1049-3504-7034-3014-8537-3739-7635-5877-9601-5513-5532-9253-1058-7542-5224-5119-5677-3178-500-4588-8626-8347-3820-5448-2529-9956-9696-9142-8451-3010-547-1432-474-6353-7869-3459-160-1737-564-253-20-599-6644-6095-1244-5971-2807,139-156-31-19,210.75,2.1826156399999945
instance_0007,8229-7460-6258-1679-202-295-2702-1746-6908-6584-4305-8092-1863-4133-5969-3704-6731-3581-6968-258-2045-2630-6263-3955-8019-5093-3121-6903-5889-6076-1020-7001-2139-1595-7360-3441-663-4137-7717-6197-6837-1106-6427-3809-5595-1826-5991-6545-6095-5105-4110-3241-7968-773-7776-7473-6356-2083-303-7599-1493-1800-796-3746-6227-3659-249-6533-8028-3485-3711-7769-5113-7269-4139-6493-4581-3554-5604-3607-6754-2981-1720-6291-3571-5453-453-1414-1576-1612-2618-2087-1237-6345-6503-4789-3236-7466-6032-8257-5908-7201-1952-1584-464-3490-6397-6778-5733-23-5730-2129-3865-774-3434-6146-3993-2103-3423-370-7807-7565-1516-7904-2341-2608-617-5242-6646-7381-1638-3436-1165-4361-78-8081-2365-7688-6039-2706-4786-4280-6500-7917-1735-3808-7133-3644-8306-1585-1966-7020-3512-5382-7678-1249-6373-6419-7961-3290-3392-8148-7092-5078-7199-8088-3422-3470-2138-676-5286-7773-1006-7684-7603-7742-7617-5159-6616-6081-6954-3576-7697-591-656-613-8026-6167-6867-7078-293-5632-6148-3032-3592-1168-3144-5975-4630-5395-1885-6706-1839-4694-3278-844-6849-5533-7516-440-3674-171-2536-1626-537-1556-502-1700-3886-7933-7380-4475-2322-4297-6388-4772-7669-1368-7252-1611-7093-7614-321-2135-7991-5492-3680-2867-7198-1895-4841-5831-3315-4120-5836-2548-6123-5432-5869-5878-398-1021-2106-4721-3847-578-5482-4340-3618-2884-4592-6551-2254-6727-6815-1335-1391-6919-3228-3141-4054-1203-7329-8252-709-6073-2450-7622-527-5755-5983-2964-1570-1385-6350-1356-2211-2137-8210-2016-4779-2245-4018-290-3386-5419-3383-276-6187-4104-3755-3495-6804-262-7777-4344-4970-6886-2569-7286-2158-7324-1997-2509-5994-6595-1660-977-6053-5825-2697-8133-5832-6988-8297-6951-1170-8282-2765-6378-4182-456-8173-3821-3971-2423-4643-4458-4042-5143-7322-1683-5780-3725-5426-4750-5331-8065-7095-232-6349-4337-4272-5475-3695-8114-6043-513-487-1648-3256-2454-5859-1566-7048-1965-4594-5637-1048-4493-3458-4242-6439-3502-2412-5895-1633-748-7858-3940-4087-7583-1051-6934-6238-5305-3372-2151-6327-644-8193-8202-3602-5310-682-5059-114-2111-268-275-3962-7559-3088-4226-2782-7012-2466-7517-1153-1759-2679-4486-338-2819-3063-6119-7228-5566-4395-5916-3312-2453-4724-6880-3122-7540-7743-1636-7335-8310-576-1298-6818-2673-8258-7889-4807-5996-6990-277-7650-4248-5140-934-4129-1418-7230-3626-4339-1708-5993-8225-3947-2386-2583-5644-4686-3367-97-147-1512-1003-3616-7786-5147-7978-2079-1907-8120-7063-1890-2346-6709-4875-4879-4082-8031-2225-7757-5672-1136-7495-5384-5734-2128-5090-2757-6971-7754-6589-5244-5769-8022-3758-4765-3666-4947-2845-4489-2314-2252-3154-1341-3351-5130-5952-1664-4519-7408-196-7494-223-6659-6674-3766-3506-2190-2028-6316-106-6633-1433-6832-2093-8226-1-2382-2243-7664-3343-5809-2066-4882-784-5607-2875-3819-7839-7756-5565-1973-1563-549-5487-1685-1697-118-5448-7822-3773-3221-3492-5498-5603-3220-3772-4792-5232-4069-4354-285-7260-1221-4918-1250-8261-4081-7347-6411-612-6629-6532-4707-1882-7082-7652-1833-6307-7134-3996-2500-298-4973-6932-8054-7598-530-4601-7245-4822-6945-4306-8243-3597-6623-4235-5945-1693-450-5330-5605-650-6566-4665-6621-4132-6827-1027-8009-788-4522-2899-1596-5003-3327-306-6862-4438-6535-1953-6546-6585-3022-3698-3657-3454-3894-5467-4691-1045-6552-2963-2204-5423-1751-6522-5121-1900-5013-1716-5366-7896-4579-4803-188-5767-7761-7074-7609-4771-8135-7003-271-5686-2891-7887-6348-2728-4991-1860-5678-1843-7470-7588-1983-2266-3183-421-383-4546-7524-2414-4281-408-4716-2239-813-7775-5860-4452-7170-2866-3991-7792-8172-1502-2887-1877-6207-2149-7332-2443-4243-5252-40-5502-2924-692-6181-5004-8185-3875-6525-6157-1784-1785-6697-1007-242-7124-5219-2920-6234-7144-3064-7272-1478-1163-384-6931-6480-2550-633-826-6788-1371-445-4245-7060-3669-4077-4047-5180-1587-3945-6130-5378-6680-6876-4446-4147-4040-241-5854-2502-8266-2943-4224-7484-6501-1711-5255-852-6821-7102-954-2759-6107-182-2818-4575-4003-5782-1717-2398-7681-7306-897-3489-2130-6913-7606-3834-2219-1645-5673-5345-2823-947-8164-595-4484-6529-319-1703-481-4116-7468-607-2737-2194-4573-2244-7605-7259-2640-7204-3879-1245-2801-4684-5527-6769-1079-2374-911-6390-4677-5409-179-4274-4505-3488-5922-4034-3306-550-3100-6445-7953-3950-7218-6588-2278-2641-7426-6028-7083-4689-5761-8275-1462-2214-3013-1721-1542-939-7679-1199-7482-836-3283-782-2937-247-660-8068-7319-1207-1288-4360-2196-7798-139-2668-4736-3378-6232-5744-1915-6217-4753-5063-8245-7140-6594-1887-2495-7989-3864-6920-3983-2719-2505-401-6882-7270-4523-6473-3000-7873-5071-1688-5474-699-7498-5757-5218-7518-4271-1057-964-5405-2683-3878-6904-7217-4854-2288-2928-415-6204-2263-5069-5402-6740-1473-32-720-7505-7682-1056-757-7567-5977-5054-5885-625-8104-1979-1925-5760-7390-750-4767-4717-2871-3248-2241-3810-7108-6810-3681-5833-585-5546-7283-7241-812-1162-3743-6009-5938-5812-5774-8051-8294-8161-5850-7300-3166-1728-4419-7251-158-6725-4871-2491-7640-7714-2212-7531-3797-7127-923-3632-544-4175-7386-7243-4732-5772-2733-1777-6215-2860-1934-3804-2121-5669-971-2625-6003-4127-8039-4318-7293-7185-5042-6860-7665-5508-5584-8002-77-8288-3219-8176-7941-4303-8101-5763-6451-29-7265-7406-5070-3408-3636-4992-120-3665-2832-5333-1732-6415-1270-3956-992-7881-228-3888-3152-672-5506-3977-1651-989-797-4589-5295-6700-5007-931-6610-2010-4105-6098-3899-4861-3612-8223-3314-4464-6799-7543-6070-6933-6121-6216-4985-3877-754-3355-7111-1932-3058-1297-1583-2663-3093-231-5205-3696-4553-1008-7555-5325-5144-6064-3619-1216-2922-7747-5265-5513-2711-3728-3832-7563-5692-4628-7700-3606-1929-6766-1208-192-5106-6538-3499-556-4755-8187-3149-2908-3716-4218-1681-5076-39-3080-5919-5276-5824-1022-7511-7274-2976-5282-2540-3649-5861-6412-854-3316-4085-6643-7589-5339-5040-604-7396-7138-3363-2417-7817-1307-5188-1655-379-2531-1089-6346-5756-363-7759-4330-3712-7181-7186-5441-6861-2399-443-4379-1092-3701-402-5046-201-2685-7673-1680-6358-6856-893-4157-5659-6590-7733-6087-8095-3309-392-3324-5940-6355-4942-6438-639-575-4741-8317-7625-2264-4520-5848-6981-6495-6272-4211-5941-3311-494-6431-230-3472-2074-5510-8035-7663-5285-2167-1510-5273-336-5714-7058-5312-4062-974-7148-3925-7916-7489-134-3021-6239-2936-1533-7624-6928-4488-7086-6844-2295-8049-4715-7766-522-647-2172-6113-916-1755-7946-4933-3957-924-4202-5634-1550-8116-1778-5858-307-3374-5697-7827-6836-3738-592-7612-3663-1842-6193-4428-7782-7862-5865-5947-6180-5684-461-3769-8053-6165-436-3771-194-8195-2532-5631-4760-1918-628-6558-3811-3858-7378-7677-648-742-5834-2334-7966-2427-1331-3373-8152-3263-3964-1231-4892-5685-2441-1974-8020-3989-2185-765-4775-6319-3901-4136-1820-7033-5787-8136-8192-6771-3226-8182-5907-5115-3984-3002-4971-3337-1074-2512-7704-2050-3952-5006-210-8040-859-3837-7842-7903-7960-6436-4439-1029-2235-6092-6071-4049-2524-1228-7846-632-6255-6109-2282-7209-6505-5887-6096-4836-5935-3442-5192-3187-1415-7336-2057-1291-2461-8264-8272-7349-3050-0-2072-1176-71-4791-6413-5245-6650-5215-2030-5097-2392-5066-2799-216-8207-6112-6277-6449-2607-2783-6475-2422-7602-7584-7216-1985-5630-1803-3729-5591-3838-4511-551-3916-8188-6454-7318-4495-7648-1619-3001-7741-3781-5191-1354-2159-5103-1096-5417-7000-6363-1742-426-4737-3726-6817-516-497-8279-121-7967-483-4123-2619-3622-3451-5972-6177-269-143-7026-1035-1764-2721-4528-8093-4885-2189-1036-1871-5682-6762-6296-144-3906-2781-6056-6884-7413-687-2544-3992-2653-7480-5238-8222-5392-6311-128-5411-1879-2487-3271-6953-7845-2483-3036-634-5477,8-122-17-61-57-108-72-141-106,200.33333333333334,1.7177595219999375
instance_0008,356-965-1101-132-925-1944-1954-233-1138-1931-1987-249-114-407-1400-245-1918-834-1236-758-1366-1722-2082-1475-299-635-130-1742-2051-382-1251-1154-108-83-410-1605-391-592-1161-575-2126-1202-2038-1010-2111-484-944-178-1379-1917-780-776-8-540-1751-792-753-850-1911-392-558-831-1788-2183-963-1708-1773-1883-958-793-728-296-1714-998-949-1957-330-1855-12-225-1679-1509-556-1353-37-804-1126-847-1589-241-1909-1545-325-695-1376-860-564-500-516-1116-557-1882-652-791-1528-1968-308-567-2005-1980-1662-1800-1321-1273-1438-1603-1378-293-2016-275-1178-405-1171-1521-2182-1276-418-277-1592-205-1632-1658-2019-79-44-1523-568-1769-1461-1610-33-1914-17-986-658-1757-1915-1814-1086-789-263-2181-841-1401-1743-396-1868-698-1186-1360-1552-2065-724-745-544-1465-1051-1597-962-1349-848-1675-1854-606-779-1775-2030-1432-1899-334-1090-1575-2151-1514-460-2102-1227-1172-144-1778-1331-413-765-932-1286-736-1907-140-1041-1466-498-1265-1453-684-1001-1369-1590-1728-372-1544-859-1872-1478-1325-468-1418-351-27-179-18-643-1973-2112-1506-1003-2040-555-1232-588-62-715-814-580-782-300-131-701-41-379-908-287-1853-1429-669-1032-809-1536-238-327-1933-2069-251-32-1668-887-1695-967-902-1892-165-2002-639-250-630-628-77-2164-1403-1869-1132-2027-1857-1070-773-927-1253-754-743-871-389-1807-488-1287-1231-142-906-2123-1483-1389-2146-852-2075-284-266-1992-812-819-267-1207-1984-1894-627-1356-139-2169-506-746-1181-415-1771-1495-1630-1397-1517-66-273-828-1454-2153-1419-713-1995-159-597-231-1739-604-1285-1229-1096-1084-1219-1087-360-940-1951-15-81-2029-352-1120,159-17-149-103-16-63-131-164-151-114-77-138-161-118-148-105-31-4-144-140-74-122-119-150-124-111-92-54-78-99-116-53-44,42.45454545454545,1.3139365729999781
instance_0009,42-15-47-44-13-55-40-26-32-37-4-7-22-39-19-45-58-3-10-16-62,47-234-284-35-263-199-93-278-125-30-179-10-249-59-289-100-154-281-143-134-244-5-239-68-196-52-1-283-291-20-265-230-194-240-88-254-228-115-36-277-98-242-86-286-169-162-42-14-174-200-226-33-150-210-103-274-144-184-81-117-247-118-172-38-67-275-187-77-109-108-76-73-257-113,0.7027027027027027,0.0750753119999672
instance_0010,354-1565-137-1469-1074-1113-1448-1316-1381-365-1023-1531-852-215-1361-207-907-364-1040-1101-494-709-798-1229-33-154-873-628-787-858-1289-1213-103-495-1557-1123-721-1535-1480-575-321-1225-486-132-1412-1463-1475-503-545-348-517-879-298-1201-254-23-468-604-1344-401-997-1347-118-1276-818-882-1149-158-585-1186-612-784-1324-167-1159-20-863-1047-1423-387-1350-1380-233-869-275-129-0-831-1112-851-866-909-1131-876-1521-705-594-1594-1362-39-532-63-703-576-1077-1089-647-1238-1303-1094-638-512-848-850-402-1183-965-764-1180-1092-192-283-258-969-1438-726-1037-1353-1428-1188-1239-676-582-586-1487-1411-452-1050-999-868-810-697-218-1312-590-1151-109-729-310-796-370-251-351-1436-1524-17-525-1458-474-871-562-980-123-925-95-234-1252-1090-913-602-725-445-392-111-1001-1284-1461-1406-342-1564,229-353-6-161-160-236-91-351-348-55-72-24-159-182-104-304-328-131-343-178-128-26-266-52-144-157-8-291-271-321-33-373-319-257-129-176-221-279-276-241-359-230-303-381-275-204-9-119-213-113-214-308-237-326-297-235-378-132-45-318-31-337-192-350-181-277-336-162-152-314-99,6.267605633802817,0.8830535339999415
instance_0011,126-80-992-606-750-297-869-265-851-877-283-378-272-326-654-572-517-509-39-135-951-706-955-356-406-309-348-1025-330-322-143-124-576-347-62-830-112-814-817-583-41-10-962-605-883-444-36-515-663-435-582-653-527-27-398-866-269-970-300-927-784-443-733-324-652-776-688-282-809-431-87-393-163-842-919-579-445-33-630-243-792-315-863-259-510-77-708-907-222-504-831-553-160-607-644-232-488-878-617-32-236-704-538-140-709-620-995-70-764-895-332-215-731-369-178-420-216-901-371-948-396-818-634-463-388-198-846-539-885-192-618-642-238-482-12-905-679-643-418-711-678-197-96-343-219-99-828-670,292-122-284-91-6-340-171-154-114-203-349-275-135-143-229-81-156-101-175-314-27-358-36-160-357-87-270-211-360-364-108-230-269-263-148-293-318-25-136-79-367-350-110-362-258-324-225-248-119-346-18-196-312-76-369-208-236-344-224-279-98-188-228-296-149-266-245-297-62-371-94-194-51,5.164383561643835,0.7826673619998701
instance_0012,116-91-36-33-78-56-82-94-75-32-127-107-119-42,217-128-255-0-127-177-227-279-13-250-57-242-204-270-243-206-254-106-123-340-59-318-167-120-7-179-336-304-69-47-274-56-286-42-161-124-203-216-112-169-268-215-121-158-289-297-98-290-150-79-48-200-30,0.660377358490566,0.09872303800000282
instance_0013,767-1449-4189-5241-5140-3734-4541-6909-6468-1214-571-4148-2274-6772-7493-6995-6266-6852-5492-5812-2203-2783-3637-4362-5618-1255-2254-4183-1273-3972-3450-8229-4294-8307-7592-5450-7096-8291-1275-1875-6295-5171-1173-2059-6502-4666-2763-5175-4713-434-2902-7145-5075-5689-3095-2399-7388-2194-4137-7427-6302-6314-5243-5719-2901-4240-5496-391-4692-4536-5316-1722-8206-6411-1987-3939-3223-4100-1465-3189-882-5217-210-3216-6377-243-3901-1561-6676-4990-3111-1716-975-8240-1527-5860-5971-886-7406-2827-5655-6500-5284-8085-3513-1933-1050-4333-6926-6189-3920-4459-245-6197-5986-1337-4776-5144-248-1971-4122-6168-2887-3898-7557-1278-5534-2748-15-6276-755-631-4653-3013-1861-7384-6916-4681-7878-8054-3629-6154-399-6543-3800-3978-4338-5374-3268-8338-5573-6843-3127-8145-5335-3010-716-3791-1452-4286-8224-4432-2411-6021-4140-1849-3468-373-4620-7363-6109-1657-4770-3816-3843-2790-3490-7554-6684-6860-5995-3304-2244-2701-1341-5089-2154-1407-1290-5086-233-5476-5501-8371-4564-3047-5361-5930-4660-1155-7960-2558-5864-1178-476-2822-5630-4955-7962-3962-3322-7114-118-2911-5531-7873-847-7232-298-1227-4218-1467-5169-664-2179-713-4283-1320-3053-2955-7959-6800-4795-7032-5308-3908-7792-4163-6981-7332-7457-2746-4093-5809-4762-1835-615-3830-6741-7714-2442-6759-4006-3983-1170-3045-3974-6512-1930-479-5353-5885-3335-2049-6515-6833-3509-68-4698-828-328-7634-3162-5232-10-1375-6403-8227-5941-3264-86-2804-1103-4396-3924-6828-7416-2814-8076-1188-5856-6034-488-2120-341-5993-2005-1937-4920-6685-6400-7270-3935-4117-4526-6390-2805-4226-5997-4405-3286-686-4621-749-43-3735-452-2217-7135-3614-1391-7504-7323-2151-6198-688-7885-3052-7177-7477-7931-1832-1399-8292-4435-3094-7773-995-2707-6740-8234-7570-3527-5364-635-7912-6350-3303-730-2989-225-6763-4496-4878-3553-4931-4041-5763-6774-1332-5716-2416-7743-3951-6691-1206-5396-5642-610-31-3912-4178-4115-6273-6491-1162-5346-7759-7373-7295-6024-1749-2077-4734-6007-6892-6237-227-2622-4663-8228-8290-4840-1385-6683-2207-2209-1824-2650-8044-6259-7184-692-1555-2661-5009-5944-7070-105-73-5331-8158-2187-6608-5583-3278-5280-7017-1148-4291-916-5488-6202-315-2687-6700-1913-3636-3707-239-459-3038-1644-1610-592-8314-5015-4457-354-4626-2453-7168-7627-2372-2649-6973-1753-4282-544-14-8356-6590-2858-2427-7687-8362-3106-2016-7260-5514-224-487-3221-5300-8000-6666-8008-6332-7321-2515-6991-5409-8150-876-1817-21-6534-2146-6837-6507-1033-3361-8205-1115-7273-4549-7617-645-504-1267-8319-6978-6723-2256-3269-5545-4477-1113-4984-4484-5078-7006-3860-7223-2225-5690-6554-2594-4750-3404-6638-3358-7125-6528-1838-1980-2819-7986-8241-5285-5989-1376-3624-4971-6308-5385-84-661-671-1773-5668-4336-7576-5648-3582-4350-3903-6156-3473-3210-8047-7018-53-7849-2127-6656-2492-7073-6782-3811-3932-7734-1242-1511-4371-4448-949-6523-3422-1525-7713-5382-6376-1866-3891-5625-2859-7626-2317-6606-551-3529-1009-3211-8007-4451-6753-8108-6850-5304-923-6707-6054-7852-1986-8027-1137-4213-2319-2464-6880-6025-7091-6849-7399-49-3997-8143-7435-7308-7540-6947-519-7407-8293-2755-6251-5132-4727-1116-3464-2038-624-5067-3016-5686-5945-6578-4305-3857-7434-861-3519-3892-3451-6863-137-6556-810-5499-961-3301-4347-1514-5802-6937-6584-1098-5835-2030-3661-1908-2893-7872-7352-5929-2712-1479-6518-3102-7351-6131-7030-7348-3181-4082-7162-525-1783-7798-3072-1962-3928-6275-2246-5727-7822-1661-3343-2309-1874-5118-2494-672-7355-3831-878-194-3412-3717-1844-5804-2938-5646-6348-6831-7467-1957-1715-8113-750-5334-7074-2961-5194-1437-5921-7143-4191-817-2106-2417-6897-5683-5174-2919-7897-1483-4344-422-516-8039-7502-1268-3415-4815-256-2344-941-1186-396-3182-1926-2703-3334-1043-3870-6705-3610-4582-759-3466-3022-3542-6065-6785-1161-1176-3839-4696-4349-3440-4118-4832-3944-340-4991-3832-5477-584-5475-102-5145-1742-3497-8260-394-3786-5349-6176-7207-8211-8151-5442-3158-7293-4456-6517-4736-2843-3426-5611-4701-6510-8275-1613-3692-5662-1353-587-6535-3475-4774-4220-4222-125-2626-2394-5261-6802-3697-1884-5264-4810-1721-3213-4321-5262-6813-1067-8308-7113-2121-6888-2963-502-3768-2953-3563-2131-984-7185-4281-6419-6952-7060-7533-1505-2630-3433-3144-5468-2221-5041-5748-3188-860-6921-1080-5354-8121-7517-1226-5555-2760-7036-4981-4023-5999-6340-5584-5330-3761-3846-4070-2388-6395-7401-1557-6177-541-5073-8183-6953-7237-605-5560-1584-1524-3489-7695-417-7252-1107-2130-7846-598-2737-7817-6174-5481-7251-7629-6641-1638-7294-260-413-3204-6755-3631-6717-1739-7219-3504-4678-5218-3077-1352-2054-6886-5678-7786-3999-2925-6627-1564-1286-3438-5049-1231-1263-6009-1682-5920-6935-4859-205-4036-4010-3225-8348-4909-2684-6808-4725-2912-2157-742-2879-1118-5143-8214-478-3029-3421-2786-2299-5100-7262-3086-120-3208-7888-8259-6149-7449-6686-6904-2349-5117-7117-6264-4364-1317-4026-5870-4845-415-4161-6067-724-4749-3290-7988-6513-7478-7756-2436-6341-1240-4502-7556-2932-2107-3237-7359-5755-5579-1010-3230-8355-4989-7334-2672-6957-6738-1431-1996-4495-1028-8250-27-5464-7499-2112-1308-5635-1447-5276-4028-1713-552-5212-6047-3872-8287-2070-2853-3950-5861-1183-443-3200-835-2487-2455-6658-2638-4891-6999-6674-7995-7964-5878-4828-7431-5744-3871-3784-5776-1925-1114-383-2784-1484-1417-6338-5371-6044-5365-4925-4348-3279-5091-776-1022-2497-8304-261-6616-1598-850-4675-6280-26-7520-5123-7062-619-5610-5095-3191-254-5754-3779-4221-999-7678-175-4180-7000-3896-5235-3645-5612-7255-2331-7132-5415-7686-4805-6449-4532-2954-93-6848-2891-7047-6854-4407-6473-371-4529-1688-1574-5926-2719-8081-5293-8134-7043-1276-5120-2239-4723-4255-554-7194-8126-965-3771-2078-1252-450-6132-138-6490-3868-8002-4987-3389-1092-5023-6301-4385-4783-556-7647-6084-5184-2697-3947-836-8284-2353-3894-3227-573-1348-8365-2602-5055-647-6153-2706-3340-3955-534-7918-3590-535-7807-3651-3674-7780-2586-5824-3785-6220-7833-7089-2535-5858-6796-2067-784-2725-3184-3445-8182-5471-2967-2561-3346-4092-6271-4583-4384-2235-8178-4211-6029-1134-7522-5022-5633-2111-2142-99-714-6531-1311-3620-4248-2906-4105-6475-7010-3523-5456-2944-7981-2014-3327-64-2958-2-2002-7201-3090-5458-2322-1945-8095-3195-5897-2185-1705-7405-7280-8147-3006-3309-6541-3572-89-309-2469-4461-7097-186-4827-3836-4323-5134-4514-5407-669-5906-1914-2354-6657-5376-6933-8340-5643-76-1720-1064-1779-3430-7801-92-5692-2546-6055-8128-1701-7151-1599-6678-2461-4261-1917-1761-5705-3112-59-3021-6470-5972-1168-6545-5867-7862-2773-6447-5553-8230-8222-6097-7625-3202-6431-6155-3881-7188-3058-7039-2288-5181-497-1696-4424-153-7484-4551-7661-6994-2152-2883-7730-4151-3375-1150-501-3257-8253-4132-606-4721-3746-5156-1852-3339-2406-41-4789-1712-909-7076-6548-5377-3398-8171-4501-2153-311-2933-7979-4315-269-6555-3943-6472-4654-3691-8001-3611-5578-3333-1144-3076-2496-2286-2693-3922-2360-7834-5297-4177-3867-384-2434-222-5384-3091-5831-80-4917-3140-4978-1057-3232-915-4591-702-5724-492-242-674-187-4207-6580-3365-5730-5076-8336-673-5069-8236-6549-5323-5426-4237-3966-1297-6448-3474-6345-1833-3562-5286-2866-1392-7973-6328-2449-7838-5158-732-2125-2603-287-2510-7208-3676-520-6776-7083-5148-796-4608-4145-2870-323-5257-1482-5931-3295-4326-7214-4303-529-2474-3177-1378-6939-6360-8226-2836-5273,406-126-8-112-89-149-220-381-146-270-158-250-19-190-60-333-392-246-9-355-324-22-296-208-309-17-286,58.96296296296296,2.6140747210000654
instance_0014,4328-5431-10243-161-388-8184-5877-9995-5390-2381-10097-4862-12124-2888-5920-1811-2233-3388-2022-95-9378-8223-11529-11553-10064-3601-4639-5196-5932-2328-9404-12291-11099-1543-3142-11342-524-9887-1474-9683-9366-2991-7913-5879-12000-952-11568-5430-7444-9072-466-88-8132-1724-5438-8747-4692-3698-2353-3881-3519-1236-8501-2162-11195-7025-8095-10489-9255-9028-1896-5655-3611-8959-5031-12070-7473-2069-10029-1296-1098-2397-3220-2027-4787-4528-7188-5458-4679-9031-10247-7931-9445-10640-5607-2224-11312-10352-7485-1710-2603-9695-11801-9462-4936-8939-11255-12041-2060-654-3485-2003-9883-7353-9894-9909-5898-7093-2629-5916-3810-2710-11516-8631-6088-2919-1774-3668-6968-6066-732-10901-8271-1508-4350-8138-8147-4670-11384-9523-980-5802-431-210-12217-5011-2867-1119-6218-9938-3607-6902-646-12074-2087-2750-800-3895-8964-8976-7076-6416-10068-8200-10690-3159-6731-3258-2151-3420-5316-10182-9492-12260-3038-10807-5274-7126-2679-58-6111-6966-7793-3702-898-5583-5024-8933-7857-2495-9643-9251-2471-5348-4332-3660-3909-2953-11890-11372-681-6251-10255-5313-10809-9250-5306-6938-9399-2548-4561-2425-9705-3694-10230-2193-5100-1184-11172-4890-201-10053-12302-5409-3899-9074-1661-4556-11036-10775-10823-3960-5268-3717-11256-8707-1752-11956-12315-404-1743-9098-9519-131-10106-11237-1893-3295-3586-7598-6320-7200-10400-1470-1394-367-7740-5540-425-11297-7848-6991-1753-7290-3542-7391-4962-11822-6311-7773-746-9603-10716-9879-2481-1758-1044-2579-9990-11707-5686-2269-10638-762-862-2981-9875-7932-9516-9346-378-10957-569-5309-3077-1796-5270-2276-12039-12104-3212-9425-4360-3403-4522-897-1764-1110-4419-11720-79-8295-4033-10621-11223-150-904-1158-11265-3836-9573-3120-1359-692-9793-1832-5173-4094-9815-8346-5963-9777-12044-4795-8585-3557-1659-5368-7536-1437-5770-70-9962-6757-6534-8524-3097-780-2892-2408-2631-5301-5935-10185-3786-5254-12072-4076-9550-4425-8541-4690-274-4128-3883-2889-8178-1160-7352-650-10546-806-9698-2984-11734-4907-77-9247-9345-8905-7063-127-7631-10119-8709-11848-2637-4645-8422-7079-8618-2993-7639-7258-3882-7356-11062-8350-7655-2047-7455-1165-2712-788-2241-8241-3430-4492-2054-4401-12002-10978-3231-3433-7427-759-11945-7963-11756-962-1703-6962-5847-5708-4068-2183-6254-3136-9126-3389-11803-10626-7477-11613-6488-11852-9029-11451-9290-10349-11791-8215-9320-10756-3649-8471-4404-1091-10836-12398-9717-2722-7830-2443-3451-5618-9646-672-4812-7050-10915-5584-556-9230-3931-6984-1553-3392-7460-4178-10945-2738-8771-10091-4162-10435-1915-9057-5324-463-3274-9045-3468-11468-905-4078-1745-8892-6569-11986-4283-10322-11745-11973-11215-2648-9521-11139-1922-8567-9493-12331-8475-1901-7211-4680-12147-9873-8630-6631-3488-6639-4329-11330-9410-4886-12377-3823-2926-2592-2413-2490-7610-1324-4788-7924-4515-12016-7641-6245-2016-266-10256-2376-750-10044-7146-2332-8469-3104-3766-2902-11811-9940-2347-6040-8935-2851-8638-610-7332-284-912-11603-1845-2988-8692-9807-3733-968-4432-8611-8586-5354-2482-4527-6894-6430-2850-2936-3473-7619-1169-7318-94-11759-537-5218-9686-6672-8712-9200-6628-8436-11837-7481-8982-11571-9205-10802-11-8071-10906-4917-9178-2035-5423-6154-4939-10249-1612-2555-6124-11569-7417-5780-434-4605-7653-10825-4781-6425-7020-3623-1039-9314-7551-8749-12012-10992-7246-6636-10420-3555-12245-1281-12378-7657-244-3285-2252-10426-6278-8732-782-8370-2644-4092-8473-1287-4327-7950-2028-5204-3290-9496-12154-5154-6259-2444-4186-1700-2002-11955-5754-3400-7760-4019-1531-4028-7369-6728-12311-789-8906-7182-5280-12342-9974-8546-6801-335-3577-7722-7958-4104-10763-4555-4713-4638-5237-8255-3814-5855-1681-8393-6518-559-4341-863-7897-7317-1355-11584-6424-9911-11586-11277-9422-664-7895-12320-12133-10287-11169-11162-481-5149-2202-8632-1562-1259-9673-2187-1425-12223-12222-770-405-8158-9586-7262-803-11589-6178-11433-8090-1707-1092-12148-981-3069-2208-7669-4086-10012-702-1178-7350-9485-7081-5199-146-9736-11977-4570-4671-7524-10346-5720-9311-9905-791-7293-625-8696-3840-5222-8587-11628-7218-10678-1303-5808-1390-4888-1596-714-777-10772-1650-6009-7738-761-1974-9649-6886-1739-10734-66-11845-10662-3040-7554-6036-563-11341-12309-5303-6818-8857-7809-1916-869-2211-8449-2863-2500-4661-4268-8034-698-12298-5917-11948-4767-5919-9960-11289-4-6146-9731-8247-200-4399-452-12367-6201-7942-10729-10782-23-7901-1069-26-8299-4459-10085-9644-2698-8424-9086-2067-10605-3778-5576-9132-7227-7690-11085-3110-3652-2876-7313-1248-83-10619-2639-3139-3169-3113-9341-6262-7834-3228-7270-3954-3537-2941-1747-6466-942-11839-6051-11743-11262-6817-931-5942-4304-3321-9139-7574-2730-8977-5419-11306-3866-11510-6019-9110-2247-12213-6420-10887-3803-3266-1054-2112-7804-6637-4393-11064-1192-10577-2509-4271-6537-1060-5413-11054-8410-8994-10357-5459-4942-5009-2832-6695-2446-6257-4149-2872-7926-8943-10431-7780-1269-7279-5084-2178-1353-5304-10830-4741-785-1492-3309-5164-839-4439-12084-5394-9409-6647-9466-848-3876-4099-4973-740-11331-10099-3006-5311-4405-2745-9780-9105-3757-3302-7615-8695-10369-9877-11347-9208-7361-4768-9459-3226-8858-9333-8398-7347-2046-3894-2539-4398-9631-3847-861-5703-9267-7141-3730-9495-1782-6248-6951-11645-8482-5910-9069-9412-8672-9122-1698-6268-2551-7802-4059-2097-7184-7422-6322-3951-7701-4062-1022-6119-4228-10049-8296-8564-4278-6769-10110-1168-1805-9145-4423-353-10502-10872-6816-10544-7171-3544-6170-11197-6337-6661-1357-249-10688-8060-6427-2298-632-2912-9706-18-3419-263-6076-7902-2334-3063-7911-9490-7863-12037-8427-8442-1554-11228-2968-6231-5455-11518-5669-3570-7341-1330-10399-12065-90-5478-10326-12279-2812-5574-4085-7207-427-5035-2861-9071-3539-7649-5342-4758-12381-7344-6741-1384-8448-12249-3648-8851-1113-9308-9822-4177-7221-2038-9054-2853-471-8051-10725-10897-2878-6064-3421-1635-103-3621-4048-5862-11588-3160-11402-9849-12096-6075-12030-8903-1239-2703-12128-3170-4589-5284-11108-10539-8912-1754-2716-11296-3546-598-9022-12215-1272-1074-398-8569-4231-11222-5640-9264-6083-10762-2167-7331-11464-10041-7499-12382-10916-5652-6796-6713-3737-3132-3525-929-11227-2546-6635-8784-291-742-6933-10954-957-2170-5859-7510-4887-1078-9679-8589-2554-7716-5632-9813-3903-9053-1240-529-3186-7973-6565-11999-1762-9682-6163-3868-4578-11871-8063-2925-7396-6473-4012-11907-3957-6351-11526-1031-950-7287-5929-11506-2790-7161-11461-787-2344-3671-607-8724-9796-10727-4173-9015-7821-6989-5435-5075-585-9954-409-7894-8660-852-7650-10719-6225-10542-10171-5104-5445-3464-713-9078-10694-6932-5782-11788-9784-4783-7678-4833-8835-923-11244-3738-6762-4000-10944-10530-2360-4535-1973-4385-8566-7410-7642-6439-12098-12344-8826-3662-9021-7110-11252-726-439-10648-3773-11687-6581-3857-5563-158-11236-3571-3820-9827-11713-2429-9852-5569-907-2933-1709-9394-3991-7219-12081-6832-1005-3515-9885-221-8734-8679-9356-6945-1589-12033-8102-8096-10946-1853-2776-6656-7541-7357-10785-3438-5253-3259-30-3324-7865-6923-7684-1797-2522-8185-4806-4591-2388-4165-9079-6842-9522-11363-6239-5238-11675-10275-11932-5310-10162-22-6718-5845-6042-4537-972-9191-10820-323-1006-5298-11740-6168-1457-9186-4201-11399-8919-10845-11842-5548-2917-11869-8472-6228-11748-3887-4372-3196-7325-3974-11441-8307-12352-967-5714-5290-11226-10251-6387-5897-2660-7381-2747-12225-9539-9318-7229-11496-3221-2096-1574-9583-6112-1245-9534-11623-4116-8716-1701-6393-7254-10896-4463-5516-11346-9697-2759-3182-3100-414-9256-10464-10436-10356-8407-10429-11437-3056-2277-9749-2580-12201-11204-1103-10038-1882-3520-3189-729-10199-4791-9707-1999-333-10758-4971-1448-12359-1584-10713-6363-320-5412-181-1613-6207-12397-12020-11924-10144-9854-5572-10571-9825-9270-11311-11957-3172-6421-12082-818-970-12362-2104-6657-6136-1804-10618-997-5239-5439-11398-6001-11668-7199-383-3600-473-697-10740-4765-1052-8120-5373-9292-7497-6252-10160-5925-11095-9505-8068-11291-3027-910-10854-11160-4042-6454-2543-10972-10507-2581-2764-1566-4073-1143-2826-3561-3424-11712-927-11662-5644-10814-7382-3541-11770-3091-2840-415-9154-7148-2597-7498-3246-4170-2828-12066-8535-3148-4081-11729-10269-12322-4241-5482-3793-1056-648-11349-3891-2297-8384-11334-3011-5169-11219-7394-9035-7488-9765-5977-11489-6655-6370-2268-9926-7800-4649-12303-5702-10572-8257-11415-1334-3312-774-4358-12241-5043-10501-3609-5137-3405-11091-11258-626-6026-9819-5570-3329-2435-1328-3844-12267-5498-4771-2605-6907-2192-2908-8055-4931-8947-1402-7640-2849-6761-6372-2647-11294-8250-5502-25-9354-1335-5891-3463-12151-2302-5441-9012-2979-2636-10902-8770-1996-578-7787-251-11722-7131-2191-4077-2218-8920-11065-7948-3829-8047-3434-8174-10643-8460-11069-9716-4143-8624-3596-6707-3171-3107-1652-10391-10410-10937-2465-8441-5745-661-8435-8844-700-7447-576-3612-572-5475-7431-9325-10485-9288-10743-9662-2967-4934-723-2345-5706-2502-4967-4499-8189-3127-10458-2037-10292-5716-7688-10476-10611-6027-5680-1648-10926-5349-7851-568-4990-10303-10462-255-5586-9541-939-6791-9685-4032-4521-3454-9217-2673-10689-4210-7116-4954-7951-10296-9561-5473-206-376-4634-310-1721-6735-10832-7822-5388-1649-7725-3096-7052-6644-813-260-4508-12027-7702-6233-11926-4910-6483-9427-5824-6941-6235-8989-3073-9859-7419-3316-4232-879-6400-4242-872-1711-9488-31-11023-7755-9043-1592-1451-11074-11051-10692-3574-324-11411-1640-7224-331-277-10708-136-8760-5983-4870-7095-8873-6392-6173-5337-8869-6176-7238-5657-10624-4662-3067-6765-11115-7030-6503-9454-11572-8260-2392-9334-8252-1676-11121-11978-6912-1833-7880-1133-4331-85-932-7168-7426-4543-9641-11627-5544-6994-5528-3354-4477-12062-3637-3188-8300-7178-10864-3676-2196-3784-6094-10715-7664-7291-12050-8606-2385-76-854-12269-9647-9533-1847-1823-767-9762-11049-987-7073-8116-7371-10475-3119-2875-9958-2788-5543-2740-4959-6152-3528-4250-11040-124-6141-10651-3491-7084-4034-149-7370-5759-2650-8971-6024-11155-6561-10266-1818-9343-9595-9046-1018-10594-9712-7019-10555-8003-3975-4239-554-3298-6724-12355-7120-8781-11597-12304-1382-2913-4893-3526-8018-9950-7558-11076-9242-7432-6043-8019-5026-7981-9576-6016-4847-7000-9400-7561-7343-2164-1280-417-11591-9953-9361-10730-7625-7429-2674-12392-9708-8944-9379-6688-1706-11538-12366-407-7472-441-4429-4685-10286-9084-11561-7470-1100-2935-1200-1776-4189-5213-10865-10565-199-2000-1468-1445-2369-4769-5555-3165-6285-7321-129-9752-6107-12250-10222-7330-11302-10070-3944-9103-11671-11929-6659-9229-5815-2448-8814-1828-2390-9903-1957-7077-8557-3459-579-5259-12221-2903-8697-9776-8779-10023-7183-11323-6238-1244-9927-8214-4929-2731-881-4598-12236-9802-11245-6706-7284-4992-61-10822-1456-4906-4937-4619-5181-8675-7220-9627-7395-2575-4682-7881-4247-2559-2169-3412-798-7327,302-313-286-250-374-1-64-159-60-280-397-316-402-0-79-179-186-326-243-202-3-93-224-35,91.75,4.224561779999931
instance_0015,4242-4671-977-3207-792-5022-473-4047-3771-4955-1076-4424-2051-6512-3031-121-3574-6281-3877-2970-1003-4068-3960-5490-4612-4740-1895-6702-5689-6523-7050-6621-3433-3994-7329-5879-4941-5880-1937-4415-5073-5945-7245-5636-443-3567-6630-5241-818-3615-1735-2611-4168-3867-2128-4403-508-229-5403-7358-4297-1001-5717-6166-3211-1638-4935-833-3530-2174-5004-3503-6673-6196-2058-4554-291-3281-5165-4301-866-3776-4773-1092-3107-3015-3399-114-2958-3397-1544-4524-6111-2249-3886-2442-5522-6657-2237-3602-3371-5366-638-1418-5314-4622-6207-3795-2048-4265-5732-6244-3910-957-7343-1193-689-1510-6558-5681-2943-5646-3505-4200-182-5627-5734-4584-5815-4780-7062-3873-5863-6781-2020-3702-3406-4380-7297-3321-1438-7141-5329-5433-7184-2206-4827-6713-995-129-6441-5344-2913-3046-1718-2804-24-3402-800-1100-741-966-2630-170-162-3572-6687-6456-4369-3537-5562-4965-2371-5778-6976-1852-5582-1906-96-3846-217-5304-6107-4958-1983-2009-6538-5269-1043-712-6777-902-5126-3276-1021-5573-3558-2267-3138-4708-1551-940-1386-1731-2702-3959-2631-6057-5462-4062-2060-7289-4585-1365-4629-490-177-2207-7303-2588-5343-1124-3206-6588-4428-2125-2627-5233-1246-6817-6491-6469-1720-7178-886-5041-3529-1274-2284-4057-2354-6002-429-3413-4662-2029-7190-4381-139-1514-5289-5491-683-6910-2040-3534-2906-4390-7154-5972-49-6210-6991-2423-4575-7108-724-5476-5827-6608-3343-5633-3818-4032-4078-5519-7147-6866-283-3542-1374-296-4970-1065-1584-2343-1258-3084-6521-6807-2204-994-3115-3575-6471-5973-4769-6264-5673-1986-4871-213-4252-2646-7095-6108-3637-1826-5384-2131-2093-2388-6611-4863-7189-4149-3711-4717-4605-156-5577-2467-2143-4231-2619-5544-1516-2064-3880-2230-2077-514-4443-6967-5452-2785-6145-7268-5774-2922-4394-3590-5393-700-6311-5052-5810-6143-2235-6975-5674-710-779-2115-2008-3839-2659-2955-6854-3603-122-4650-2791-4022-588-1388-413-1682-3100-39-5046-1933-3865-4044-5342-2139-3498-7350-4288-2441-536-7305-5686-6407-997-3447-4378-6571-6856-133-2099-1435-1255-5861-2778-4502-2359-5859-5720-5256-6755-5129-1412-4365-198-1463-3947-3478-2569-3661-2925-6556-4541-5584-6219-720-6001-3962-7067-650-2506,49-90-241-381-275-145-369-132-42-123,48.6,1.931482284000026
instance_0016,841-568-700-788-1089-981-201-619-71-749-449-6-397-464-500-1023-1075-361-127-635-623-30-130-1038-26-556-21-777-476-814-62-760-563-920-451-778-868-128-133-4-932-1006-338-933-448-838-630-702-781-126-543-1005-763-519-800-665-632-901-444-551-593-107-830-958-615-213-681-1069-548-150-701-121-677-483-540-458-832-1106-898-967-622-235-640-924-334-941-1033-913-759-934-2-69-596-0-995-473-649-321-833-262-914-208-887-486-706-893-816-218-356-65-1028-297-245-48-784-883-184-931-779-751-306-388-185-1057-89-612-983-289-385-263-549-696-725-851-664-8-22-793-994-886-175-398-494-459-266-589-467-474-45-311-430-138-1068-420-252-1082-846-825-570-861-572-949-948-673-689-25-737-463-469-818-371-515-652-1034-988-214-386-757-9-330-718-1021-365-776-326-746-860-978-468-982-849-228-546-687-616-734-482-923-1063-260-35-112-659-81-915-927-246-304-668-137-460-1058-364-352-301,23-39-85-62-5-46-61-40-38,23.88888888888889,0.2718060659999537
instance_0017,359-205-131-200-213-376-18-138-19-320-117-147-114-384-85-33-318-132-381-150-49-70-390-167-26-136-94-386-56-282-95-329-109-120-407-243-285-78-216-45-173-404-126-153-409-269-348-219-220-184-356-342-406-16-65-380-398-185-199-48-321-278-69-413-61-106-133-345-35-335-308-62-238-343-122-77-171-168-31-276-254-32-79-189-264-331-163-222-237-34-302-86-341-183-71-250-245,11-71-8-9-51-67-14-7,12.125,0.10474472799990053
instance_0018,303-1805-1887-1723-1769-2282-2597-1462-2255-2451-935-1867-2223-2246-1321-636-1220-357-2647-60-2439-238-1214-1318-1795-622-1798-2007-1010-500-1437-371-1266-61-660-1111-478-726-2574-1781-1464-808-87-682-1775-1520-2549-2389-968-895-2351-1838-1307-2162-1994-1726-2452-2661-1056-801-2347-1366-1384-1587-2429-599-2146-2197-782-1697-210-275-319-2302-1738-2474-992-2632-1636-590-352-487-2569-846-2359-2361-353-1250-2488-2259-963-722-1097-805-1834-1535-658-1340-321-704-2017-637-1033-1533-883-396-2018-933-1612-571-1658-862-1573-1501-2217-1426-409-83-1549-2541-1846-533-1519-313-150-711-2401-48-695-1507-628-2437-415-1831-2249-1416-476-2571-1537-1634-1840-1419-706-444-2514-1079-1710-427-901-1304-2125-65-962-894-2061-1082-159-2334-1552-612-1596-2186-1708-573-2580-2009-1273-75-703-1119-618-326-236-630-1779-79-985-1659-595-1990-979-1626-956-457-55-2390-423-2559-386-1575-2583-1770-914-1877-419-2135-2172-2180-489-2269-1975-1402-2627-1688-345-685-222-1371-1906-1707-2228-2460-1068-111-1272-1088-2214-545-1115-1718-697-960-2243-2596-2020-2477-2258-271-253-2116-19-1236-2680-2345-1528-886-2076-2248-663-1204-1891-1194-910-553-2087-825-44-1226-2189-2129-1764-2266-2529-400-1479-1755-2184-430-686-640-1261-2633-649-869-2410-1509-2279-2023-18-2307-2284-800-1326-1959-1267-2395-294-1898-2510-12-1058-425-264-1827-2237-1989-94-121-2498-348-30-1144-69-1783-1657-96-2183-2414-2027-1237-1362-2312-2441-1399-291-23-455-689-1950-113-1505-1397-45-1667-1192-1288-2673-519-101-1654-2320-215-2648-1938-1857-923-856-1005-2658-2561-2165-1135-604-2324-1021-1716-1264-2373-356-1629-973-2179-63-2443-1156-1915-2208-1450-1570-2144-2622-1527-2461-803-1448-1189-3-1803-107-91-1386-1270-925-2678-1344-2421-1628-831-1382-1414-627-1858-262-2015-67-822-905-1760-826-25-1621-1040-2211-1712-167-1006-158-27-2473-922-2068-369-2199-28-1422-518-1333-277-2212-1378-293-710-1799-2280-745-2209-2445-7-2524-1218-465-1306-1434-1931-354-1177-1649-1967-1285-1679-17-1339-1855-2323-608-2576-402-474-2403-827-53-2234-1842-1289-540-392-2664-578-2621-813-1070-2151-2341-1297-1223-1342-2049-1828-1474-1845-928-1037-1210-1488-1584-233-1322-1701-1367-729-2533-1824-1812-149-1673-387-1927-2193-1263-1157-42-2262-527-996-866-1993-281-1447-1473-2143-1034-1154-654-1002-1009-1923-1433-2545-1625-2555-535-226-1281-405-2311-1499-1606-1875-1820-290-2515-1778-418-2666-1560-1637-679-1804-2031-773-598-1620-1670-1849-1700-447-2041-912-1982-2603-2644-147-1471-1472-740-80-1671-2245-1911-504-1825-2232-1169-1311-1544-651-1709-733-1280-51-2413-1743-2570-2083-1438-182-1992-1165-507-2531-172-2381-1811-828-1594-103-2568-664-2295-2492-288-2425-1518-2332-1995-1312-767-376-1997-196-1380-1417-878-1126-187-932-1227-385-249-1413-1732-1108-1930-136-574-1847-1672-2423-1149-1151-105-1395-1571-1903-1212-259-1878-78-188-322-589-1651-1977-2590-2177-1425-2404-2500-2426-1696-2264-1734-2134-1461-2567-315-1346-1490-1676-1487-790-723-849-1185-1601-37-375-496-899-1928-2131-1909-1666-2012-2270-2419-936-1145-2427-2219-2274-2328-1761-1536-1689-2470-2095-145-2391-566-2530-2631-57-2137-432-231-2405-2303-1979-1459-1751-2313-2346-585-954-2233-1532-2022-1303-2588-446-2069-1428-1393-219-1055-1822-2047-2000-498-2276-1829-1063-2190-1945-557-1719-2626-712-1871-1618-134-95-799-2014-2304-738-1166-964-1585-1663-1704-994-1054-2543-2158-390-1777-2013-2057-672-619-1647-602-2207-584-943-1093-165-942-1350-2513-2215-329-762-555-1480-314,76-23-25-15-67-61-42-70-63-85-5-18-8-34-87-60-3-24-30,43.31578947368421,0.583024003000105
instance_0019,306-858-1110-1872-1156-1830-26-1766-509-2008-533-2095-499-1024-180-2110-1025-1820-23-1974-401-1735-1526-984-1944-393-2247-431-1995-1422-1716-1265-511-713-183-1531-1315-711-307-1453-988-1135-302-87-530-1477-2150-94-836-494-2142-400-1981-246-76-1434-1587-527-762-1340-1969-1102-857-1840-189-2199-1727-1983-1020-64-1503-2192-747-513-1707-213-1737-528-1970-543-2183-1420-2214-2019-1225-816-704-1306-1490-811-410-1426-1358-1463-2020-1081-1062-682-1945-1206-1101-345-1304-2172-1880-1831-1019-1296-2165-1459-611-316-669-1753-1076-817-1951-1479-185-2042-318-1184-2182-2185-387-1991-355-346-2178-875-715-1402-206-1890-1054-959-1363-1398-196-2043-430-188-47-2091-1416-419-1915-43-620-1692-1919-351-493-876-689-139-945-1688-1515-1617-324-2111-808-2237-45-1083-1601-1958-586-2068-1839-1379-117-230-358-223-34-821-1829-929-1775-228-2207-906-375-1781-2073-103-629-903-1566-320-28-111-1789-1036-1047-1746-1150-871-1247-1723-164-331-697-645-341-1777-22-247-2164-751-606-388-602-1690-1530-1616-901-1721-1208-41-1672-840-1726-1825-1481-432-1485-1491-2175-512-1512-658-755-1993-621-368-843-1106-250-806-455-326-344-2158-356-872-801-597-253-807-30-979-1808-1210-962-1778-1452-2203-82-2137-1430-108-1971-1897-1058-1517-1759-1876-845-1377-502-1124-2246-1539-1188-2077-1125-635-1126-1424-1468-2169-1431-305-708-2005-612-1066-1314-756-1631-829-633-920-325-909-54-2035-428-951-311-1237-438-1556-1764-2017-1276-785-1016-132-2004-380-676-1681-1910-257-1322-458-1497-1770-1269-899-825-710-2010-1611-2030-1147-381-21-630-999-638-670-1118-2134-678-1924-607-1050-1717-1768-2128,72-73-34-69-87-51,63.166666666666664,0.5167327329999125
