instance_0001,7-54-2-39-51-21-20-42-11-17-13-23,46-101-110-22-28-55-100-64-65-26-30-13-14-48-70-97-23-103-92,1.894736842105263,0.0011384480000060648
instance_0002,6,17,1.0,0.00011771800001270094
instance_0003,46-62-32-11-38-72-29-40-14-45-65,93-56-117-90-91-82-100-67-43-105-35-9-104-36-55-3-11-23-38-48,2.05,0.0015978779999841208
instance_0004,4-1,39-12-54-79-23-18-20,0.5714285714285714,0.0003106649999722322
instance_0005,1456-1245-1578-1692-2217-1317-999-649-867-1767-2569-2007-1855-655-2051-2071-1353-1868-2265-1177-673-1712-968-1869-777-1434-1860-2553-2416-2381-135-1101-1773-2335-577-1435-1584-146-352-1374-656-623-1509-2275-238-1112-1698-2418-554-1294-268-1505-1036-2095-893-175-638-9-30-2520-2333-2369-2079-2282-2455-2447-613-774-363-625-1423-1871-1811-1100-1688-1810-1537-506-2513-40-1851-1674-1796-967-2382-2286-956-442-2539-1633-1463-707-1465-350-144-720-1262-766-240-672-2307-2526-1650-508-1656-332-1803-1239-1628-2326-1826-1570-2155-2624-489-1016-1127-1577-1958-757-1782-812-281-69-1563-756-574-2107-1189-2521-1107-530-1892-2120-2417-1484-1226-1565-819-1585-990-2226-1412-1528-1246-119-1113-2473-2550-337-1400-2045-1343-1143-2522-450-629-122-1642-1028-1663-2365-853-996-1834-880-2494-940-1206-376-1696-2292-2094-2294-2561-1291-1843-2588-1779-1596-2544-1925-1109-267-483-315-226-2586-1606-1602-1485-2124-176-1110-514-2386-1430-1445-1714-633-1087-745-1719-279-663-820-1255-1494-375-232-188-923-1459-2492-1995-157-2181-208-1004-84-2516-896-2486-2167-2611-1553-1467-1555-2093-251-103-741-373-2148-413-763-2444-1814-1098-347-568-355-360-416-1393-1490-203-201-2187-2056-286-1340-739-1661-1775-1913-1916-2524-223-2090-2062-948-121-1360-1554-2505-1055-2216-1357-83-1515-2206-772-2198-1858-229-418-22-2132-2049-1613-401-2241-1254-1988-1149-1409-154-1199-2280-246-1244-910-2338-2534-2332-2460-1411-390-472-1557-2087-2066-2448-1837-1764-1460-1448-1321-2394-212-744-660-503-764-432-328-953-1089-829-1531-1092-2582-668-1984-2249-2104-708-599-2343-2123-2363-781-2176-1717-1849-1358-998-1655-2098-1348-241-134-2541-790-0-1685-1755-2031-1542-1534-1535-257-1050-2472-414-1025-1752-1889-2057-938-1157-2396-954-397-2310-1614-242-101-901-1369-41-1229-732-126-1820-776-1721-2317-2351-2144-234-641-1718-1414-2129-803-2108-317-496-1928-209-2379-217-2303-124-1774-830-1183-195-692-1703-1517-552-808-2512-802-519-1729-2070-2587-105-402-2145-2207-2306-461-541-2528-2201-1818-2422-1867-674-1783-2151-2366-170-2595-1884-2028-1398-1225-988-222-1541-2331-991-2571-2606-1574-810-2060-2143-357-2457-1236-986-2006-193-2466-1727-2404-65-440-338-1927-2287-2409,19-100-11-70-41-96-141-102-73-14-36-62-87-35-139-103-157-118-15-131-72-54-153-66-155-77-49-3-20-65-108-112-42-69-82-122-21,42.37837837837838,0.07338647599999604
instance_0006,8417-1862-3396-5003-10160-2033-4812-4943-7443-8772-1498-522-3090-7580-2509-5114-1235-9343-3551-5607-2037-563-2389-8726-9259-2993-5357-3023-5925-9973-6504-8682-10011-1488-1112-8109-8314-2878-7297-276-9946-3961-1131-7553-5879-9651-5786-1315-7517-1174-5458-8157-6743-8014-3010-10281-1059-2563-5686-454-3477-2371-6825-2332-1772-7688-1696-10219-9093-3954-4000-7540-9831-2395-4177-5583-8451-868-3124-597-10322-285-2979-5421-199-3204-10094-3337-8021-1699-8623-6626-2913-3121-8939-10189-4221-3303-8789-3878-3050-1985-200-7839-4961-8571-7044-772-682-2748-3604-795-9079-9229-3476-4670-3350-3960-3661-9188-4248-6709-9753-1055-9439-7757-9718-8174-4146-737-7280-6898-4241-5062-4319-6875-4126-8107-1894-7825-483-2794-1924-9673-8152-9364-4891-657-9034-874-2259-364-3666-2877-8281-4336-9315-10165-7156-9314-2523-10145-7325-2289-347-7123-4912-4746-825-8680-1229-10073-5753-4161-7014-807-7206-8204-8289-6807-8334-4696-9515-5387-2433-9129-1822-1109-1165-971-5992-6556-10221-5152-1607-9416-9180-752-9427-5415-24-9743-5660-6924-396-712-1373-53-6407-8037-3449-8908-3653-5148-6739-1619-6191-9836-10097-6467-1-7848-1794-3038-9907-6171-1461-6974-2502-3462-8471-8147-7104-7929-9100-7872-7430-3571-6030-6682-1424-8588-4878-3772-3246-5776-2555-2632-5626-4967-9088-5493-2780-4673-5696-6199-4886-3800-191-2700-9581-3068-7676-9832-3522-3831-4004-8750-10113-4486-6939-6938-1377-5363-613-6595-358-4345-1399-784-3789-4029-8851-6931-4112-6673-6002-1780-6097-5639-6234-5750-4325-9662-1838-5563-906-8866-9776-487-8710-481-2377-8070-5253-6894-2940-10259-6250-6703-6031-959-432-5920-9072-8657-7668-9972-10340-6048-9948-7824-3024-2995-2919-9211-8771-6085-1050-2820-3975-8060-9375-6880-6083-2453-7814-9223-8245-549-1194-5621-5352-3075-4088-3942-6870-2157-7375-4619-5581-6968-5505-507-6771-1124-5246-8707-10300-3354-10096-9020-7257-5509-611-5549-5471-6-9884-7237-8761-5012-1378-2583-2624-4763-2896-4773-2218-2052-6704-2435-4312-5161-5496-5638-5907-2070-8301-4370-1850-10066-5147-8006-6838-2711-1663-4697-1724-4307-9484-5235-9218-4468-820-5765-9680-1015-1815-7672-5439-4191-2594-10325-908-7388-6376-4155-8081-1887-1797-1919-6707-8017-2165-4879-5659-9386-2559-8641-9635-1836-3871-2788-4646-3243-4667-51-71-3206-8675-546-286-10176-3978-9398-9272-3952-6257-9485-6110-9117-2655-1318-4992-7497-9927-3048-3810-6592-1398-7138-8795-37-6836-3894-5740-3923-4382-7225-8943-9025-844-5738-1648-4957-851-7990-776-1267-762-4898-7779-10251-5589-7322-1541-9241-9893-4469-401-2835-7062-4703-4500-8001-3546-1848-5326-6994-9917-2417-5336-7658-3966-9889-217-6172-5541-7726-4418-5263-5585-925-3111-7113-3613-7462-2293-4128-6857-2656-179-1467-7181-8130-5532-2651-515-3403-7531-3849-6174-1162-9513-4377-6116-10188-10086-2481-10260-8342-3844-3097-4838-624-8649-121-46-9849-7299-1997-5274-7415-3779-7987-4239-4836-9503-4779-6136-845-6444-10092-1198-8979-9675-7786-9899-2436-1535-4217-7446-2169-7259-2858-7009-5551-2491-7025-1470-4195-9496-2588-8163-2909-3767-272-1201-4437-6904-3671-2366-6236,56-11-43-183-145,169.8,0.02454670200000919
instance_0007,5459-1365-3647-1671-660-1581-5734-7649-4073-7171-7897-6519-5074-5763-6939-3113-5207-6923-1198-5231-6204-5993-4798-480-4403-5211-3999-3870-7604-7484-797-8167-3971-4486-5912-2920-891-6120-7478-682-6700-2922-2839-4178-5343-47-2098-6751-1277-3961-8045-6111-1170-8128-2727-538-297-6629-6390-3387-75-995-4957-8208-2214-7448-4535-5329-4804-1251-5782-3883-235-3994-3031-500-5435-8070-5457-8028-2670-3080-5882-604-790-244-1289-923-2824-5808-1242-6227-7665-5886-3517-6600-8031-5409-1679-1531-4503-2225-248-1681-4689-6251-2531-4902-5076-5770-6931-11-264-3722-4254-472-5695-7549-453-7011-4553-639-3740-1355-5177-663-4481-8234-6725-6969-6015-1166-5692-1938-4412-6287-4812-643-4903-4992-2979-4067-5255-6089-1213-5302-1474-6466-2433-3580-65-6385-1567-4128-1075-1270-714-2739-3526-1812-1732-7775-4726-5445-7483-4799-3185-1915-4270-4840-4154-4414-4218-3073-918-1310-2311-1651-8069-4439-247-1212-5491-2033-2128-1117-7563-1204-6346-3917-3000-4908-7830-3309-8293-4324-4385-4610-7086-3509-4882-7943-3314-1729-258-2031-5899-5030-5958-3948-5711-7953-2995-5007-3659-2540-3699-603-7127-8151-5861-4854-2101-4039-7798-5018-1647-6100-1298-1929-5798-7214-5896-5011-1397-5265-6010-6601-5414-1414-5513-1268-7498-5276-2060-5745-6299-5423-7890-7600-633-5264-265-14-4848-6155-5179-1278-7673-2625-2729-7319-3228-7027-1904-2291-6651-2607-1188-1272-4967-8174-4580-4922-3866-5887-1849-1496-6998-5466-1760-2799-2524-8222-2167-1455-5326-4644-8049-3407-2096-4022-6953-1803-6771-376-4885-554-637-3311-7859-493-8057-3206-2544-6363-7209-4428-7592-7741-2388-437-628-610-3916-4346-2762-1764-7663-1233-7802-2669-7796-448-4098-6245-711-7593-128-7561-3939-2795-7689-5591-5811-7853-5228-1415-3537-4123-8182-3989-427-4760-6464-4715-3321-7595-7845-611-4144-3531-2721-3551-6889-3464-8160-483-3305-5515-2622-7070-172-2110-1257-3559-6228-7929-6362-3162-1228-8230-5936-2264-2988-1878-5101-2002-6817-6693-3953-1770-2781-6997-7068-420-1149-2193-6247-632-5273-4427-292-2462-6507-7846-3175-6986-6208-2237-6996-2661-4158-4948-4470-5186-3173-7436-3726-4000-2975-2568-4301-3816-1291-705-4181-4870-2170-6957-8274-7648-2324-6451-3842-5541-599-6937-6088-5455-7992-4017-6475-6294-8093-3211-5746-1416-1871-6966-7704-598-2777-5643-2421-5601-3045-4656-4079-1123-3231-7056-6539-5863-2575-3838-2619-430-6183-7472-5440-519-4405-3334-4033-4878-7782-6729-6266-3694-7708-7121-1699-7-3198-4912-2847-6220-2855-2175-4836-1652-2300-322-2048-5976-8064-7454-3027-6062-4999-5020-3614-2046-3237-4971-1754-5320-6176-6635-7886-4979-2747-6470-4704-3002-7465-4754-7044-3140-3105-2003-3745-4800-8177-6704-1851-2722-5665-3338-2555-3600-6165-3869-5380-2960-6163-301-6492-1961-563-4316-1486-5876-5272-1517-4392-7169-3275-2112-3238-924-5097-3508-7692-5855-3024-4046-2725-7425-8270-572-4425-7675-3323-1797-5653-5662-3980-4818-4455-489-3522-3384-7045-340-4309-7866-1036-2441-8181-8005-6611-4590-879-6972-4782-6047-7647-8256-4585-7731-2776-6311-1663-255-512-4298-6570-2613-6113-3959-3684-1235-6712-7308-3450-191-5103-3966-4008-2217-81-1343-543-5857-240-2072-4165-5494-4817-8262-5888-5531-5740-5340-3282-4325-898-1806-6074-2320-2082-940-2127-1258-1456-7287-668-6888-6961-4956-5080-6909-7966-5854-6431-5682-1688-411-5914-6136-3529-3438-2611-1518-357-7453-5737-7458-3827-4206-2584-635-1090-8056-3159-1053-4190-3805-6549-5931-2830-6924-4422-490-2954-5615-5762-1919-5543-2889-5104-5411-3769-5681-1522-1248-8205-3565-2287-6951-2890-5050-7437-121-4615-6535-6506-7318-1897-3648-3030-4084-7883-3256-8195-4389-2-5946-6837-6955-1073-8297-8025-6215-3715-7151-7184-7533-4988-8096-1058-1761-7751-15-1104-6551-311-2546-3785-575-4873-5441-5062-4998-7955-7473-5398-744-5802-4394-778-6486-208-254-2054-2746-6938-1319-2998-1126-7949-4277-6609-6703-6813-8163-1807-4846-2148-1002-5003-1254-4295-5384-4774-5856-4407-5816-5774-3498-6053-5499-8116-1811-2293-8060-1903-7628-6411-2773-3644-1290-2011-192-1395-7629-3152-5972-2664-2749-1373-6152-5210-1015-5105-8260-303-1056-5814-4421-4509-2482-8225-648-5885-3796-1494-5465-5991-2814-1775-7042-25-4020-1224-3191-447-1595-272-8017-2047-7642-3704-7739-793-224-34-5721-7488-8173-3774-1611-1590-1934-4151-5712-2528-4240-3828-2232-1454-6027-8294-2626-2790-6659-1701-2819-2804-2480-440-7438-2967-5280-1356-3046-150-3251-5969-897-5109-6615-8024-6057-2296-5498-7933-3484-7537-1746-221-2012-5378-2069-4440-3447-5973-3340-7030-3985-1900-6631-6608-3578-6624-2827-530-92-2955-2632-6882-7317-3815-4288-2733-1836-2931-4589-3004-3591-97-2697-2891-5467-8268-5956-6139-4732-836-7491-7090-2968-7253-5042-1629-2618-2888-1927-5604-3554-5399-1625-5637-4215-6333-8223-5404-3988-2239-579-1608-2950-3308-5402-4962-4576-2027-2272-1153-4792-799-1755-3981-5202-757-6416-5907-3239-4771-5742-2791-2908-6655-6530-1526-2220-3546-3824-5877-4134-2057-2233-4390-295-1079-2726-2254-6351-2224-1403-4554-1418-7552-6920-2018-7181-6978-2429-1181-4566-6137-5000-2828-2376-3169-3588-4778-6293-4674-6001-6468-3762-4625-7003-6801-6994-6259-4816-2633-5174-5229-629-6085-6959-4216-4850-466-7156-7888-8004-449-2268-1042-3604-6187-7418-4591-5787-3149-7204-7142-4522-6949-930-6633-290-5684-1988-6481-4474-1186-3876-2496-7230-7682-3062-595-8111-2764-7356-6394-2754-518-1006-1136-2591-6827-4867-550-3581-2460-941-3054-2585-7225-6177-5448-5750-6048-5714-262-4572-7029-4686-5394-1-7529-4849-3012-7109-6694-3460-4923-1576-1250-8061-5107-549-4122-180-1338-8063-8157-476-5635-2212-200-5685-3510-286-5184-6482-79-5943-762-1087-6714-5413-641-6321-4832-1125-56-6834-6091-1322-3408-4167-1014-5091-8016-4831-1656-704-1253-6408-4232-2132-4426-3723-2926-619-8241-571-1993-4050-6081-2909-6130-4372-7228-7625-5296-238-8197-5040-522-2149-5680-1796-2744-1341-3926-4598-4120-7367-5333-8027-4242-2823-8037-1877-4355-1146-3901-2637-3685-7969-1489-5727-2850-4675-5686-8092-1868-7703-1412-6578-7856-5594-8001-1631-7269-3955-4248-3823-2184-5610-5987-4081-5902-2028-3847-5702-1008-6916-6182-560-2849-5878-7769-6713-1514-2578-8309-2219-8203-2946-5990-4683-3949-5850-7280-3868-138-2547-5717-339-1383-2884-5052-5352-6901-5546-7408-215-462-969-2443-1660-5938-6984-644-4578-8142-6584-888-5622-6263-7754-4243-1513-2978-780-1317-585-4077-6699-5039-7489-7819-1465-160-6232-6107-1491-3671-278-6493-6698-2702-2810-4341-1666-6818-3620-7475-4841-1462-3096-4475-1201-8265-4871-6548-915-7331-4557-5227-3802-3521-6921-2497-5487-7014-3245-13-3602-2190-1020-5553-7048-2171-5426-2876-2236-5525-4192-6289-6435-7260-7541-3367-5772-7730-4319-8114-5768-4794-5620-3539-6429-4014-3589-4320-4378-6806-1980-7521-784-6533-3967-4272-5970-6934-1957-2600-3675-3607-3209-4738-237-1942-6625-1592-6028-4054-5010-5883-7908-4562-1973-1890-159-60-2980-2679-445-5982-4599-2605-878-6788-2390-7786-368-7495-2887-4645-6690-4036-6815-3025-526-1124-8054-8143-3348-7622-2923-1264-7609-1050-1350-2539-1021-3947-1965-118-6258-7352-2875-3420-2779-8202-4969-1896-6070-4565-4891-4765-3932-503-802-6595-2335-3819-1949-826-5425-6076-6648-3621-2919-362-5013-4968-6347-5454-6678-2403-5421-715-5358-2758-1285-5924-2627-3134-7063-5825-4722-1589-5916-4082-2845-6720-2258-276-1106-8122-6873-1672-1925-3506-5117-7051-2541-491-3920-2518-7502-869-7333-4970-661-3612-6598-7294-7444-7414-2350-4807-4518-429-4107-6097-4764-4268-6124-6589-5941-7057-1051-28-6095-7605-551-360-1241-1951-1833-2412-6990-384-1648-6238-6237-2630-2066-5843-2135-1313-406-404-7681-4482-2275-531-168-1587-4172-6198-3265-347-3835-2595-1921-6821-7986-5478-4233-7385-2912-4179-4964-4245-2174-5284-2299-917-6941-270-3494-296-2395-7218-7104-733-4628-6413-1654-5656-7996-8211-5561-2832-5295-3934-6719-812-7571-3217-5419-3212-3276-4116-431-1151-1733-3950-5641-7905-5950-8039-781-5835-3183-4312-3899-6942-3624-8227-1473-2010-263-1259-3666-1094-7239-3676-4271-739-2586-1695-510-1065-1238-5161-3394-6838-1443-5373-4746-5188-4052-1549-5353-2394-5612-1680-2288-6973-6439-3448-5659-854-699-6878-7826-2668-5452-5930-1502-3091-1984-1209-1105-7524-4665-4543-1468-6610-6412-7186-8236-2683-4484-1348-3363-1307-2866-2020-1655-1777-7243-6316-6856-5339-1303-7545-4068-3283-3689-42-5275-719-473-4952-1155-4302-7556-6843-2418-6046-3280-4452-32-6814-2608-1999-1785-2242-6976-6876-7820-4383-77-3641-2641-7222-876-1425-3474-3660-5405-4274-7989-4417-7203-2468-4374-5791-5327-849-7468-6257-4575-4454-4720-383-1982-4546-8035-4400-7245-1978-3279-1646-5429-6913-3499-2996-2278-7758-5605-4147-7449-6932-8137-1009-7277-6945-6543-521-7679-7567-5559-4869-3791-5443-5893-7212,169-46-92-156-48-159-172-118-16,218.22222222222223,0.03306983999999602
instance_0008,1443-1138-1957-513-751-1342-723-949-46-392-985-848-1545-1348-1378-1854-17-356-441-925-1186-846-1101-1370-1531-674-1358-223-1741-1944-1805-1679-967-1536-918-86-2148-1968-2111-793-2183-804-1855-847-1802-1271-250-1151-37-992-233-407-1882-465-1236-108-564-2019-2072-1693-1857-616-149-1353-962-1954-473-850-1965-344-359-1308-453-766-1911-758-2102-1773-193-1990-1788-630-713-1080-410-1127-2104-1132-1398-452-787-652-1865-1830-1542-1849-207-1168-1031-1614-109-1539-2-610-1318-2106-547-371-2154-460-963-268-1658-2007-1994-618-456-1072-744-132-1895-265-1842-140-484-245-390-364-222-1792-2179-2088-1751-1232-1193-62-2135-241-1324-636-1125-1164-1173-965-1722-2089-500-1002-701-1119-1685-1001-1633-1610-1026-1783-472-336-1012-952-658-1366-799-885-1717-351-569-1082-2037-488-1397-1977-1276-357-2110-408-720-1582-919-1937-653-1344-827-553-1626-1389-958-776-225-1708-2124-178-1081-1710-1078-1416-1304-753-1467-436-944-2140-8-12-558-1446-2032-483-1274-114-1927-487-1874-510-1694-1767-2116-1356-1057-2126-211-373-1574-232-1360-780-931-1852-2165-1252-677-953-411-704-2150-310-1458-1799-1371-1662-1598-828-1235-1454-1035-1215-2040-1390-1597-1513-2173-1208-1315-2051-41-1769-1593-2071-923-1283-1452-239-1241-1998-802-1951-1995-1569-1219-379-1980-1379-2112-372-1905-1820-1120-489-940-871-1469-1890-1253-506-462-1163-716-935-852-1739-907-1024-9-1210-183-1521-614-567-1350-1068-1592-2127-1084-1115-627-360-875-1712-498-1096-795-299-1757-777-1316-284-902-273-1850-505-814-1148-1793-1117-604-833-208-1831-1175-1447-2046-468-1518-978-169-272-1438-275-200-834-475-416-592-1432-33-1365-56-1845-13-1273-14,33-6-55-50-30-37-76-49-13-133-138-147-131-16-100-139-65-84-124-59-5-79-62-121-46-56-123-102-9-114-23-68-15-97-88-101-44-92-0-81,36.0,0.04034258100000443
instance_0009,42-39-7-20-55-10-23-1-2-22-40-18-29-19-13-46-11-30-45-41-15-0-49,110-158-27-231-142-279-98-92-105-146-193-7-30-39-22-93-290-140-54-81-257-183-145-143-127-168-255-131-76-285-114-182-1-17-280-136-84-186-200-188-189-90-108-124-24-123-74-256-117-245-266-291-263-11-284-100-253-254-161-94-233-295-163-277-126-148-191-121-300-192-132-122-201-197-298-302-154-221-294-23-9-64-246-67-99-196-107-73-51-43-61-175-164-206-20-96-109-6-82-71-129-215-187-16-278-85-141-111-212-112-44-115-118-259-95-210-63-162,0.4491525423728814,0.003418490000001384
instance_0010,95-909-280-1162-879-1461-1033-1364-1415-783-689-1077-1131-321-1540-1040-1168-1478-542-1315-652-460-970-734-1132-1127-1489-276-1068-250-218-588-1327-852-1373-1174-1023-402-1090-691-1036-1590-983-566-260-1074-1413-283-395-487-1111-1360-1072-869-1123-463-681-1056-620-1565-481-1524-1296-1001-215-410-1245-243-817-1474-1293-1201-810-1221-1472-723-1310-1480-577-1035-73-1229-342-488-773-1076-1383-185-523-1205-925-1020-445-365-996-653-1358-14-1197-175-290-254-412-1454-702-486-656-561-3-1564-951-908-1050-1429-439-1027-583-1405-843-451-976-775-575-307-354-1597-1088-984-1487-1392-1427-812-1317-1456-320-117-57-1047-1271-1584-999-1102-1355-48-1255-1361-505-710-1217-871-753-993-28-345-367-60-1100-1220-1209-1391-1300,271-234-162-347-348-264-215-160-32-120-133-78-368-335-109-74-164-19-100-248-46-235-361-374-300-62-198-278-103-261-16-154-10-181-42-366-106-249-185-254-40-276-362-212-263-309-188-291-251-107-318-301-226-39-373-257-364-285-330-206-49-319-223-116-289-73-328-81,6.426470588235294,0.04403597999998965
instance_0011,877-393-277-112-848-188-843-355-316-992-539-443-820-869-828-379-653-283-540-688-663-584-387-39-348-419-417-104-509-30-597-344-734-179-454-412-237-780-252-481-495-892-839-915-527-398-265-37-812-884-148-437-1026-790-326-356-341-754-74-732-160-113-802-697-0-290-845-907-216-970-577-713-423-224-725-842-313-241-269-180-608-682-397-460-444-809-292-582-415-41-507-217-818-126-52-749-229-171-261-234-974-124-493-145-99-231-429-826-259-288-885-1005-1012-238-618-378-177-172-534-223-434-375-435-583-938-585-116-491-157-66-102-573-531-635-628-638-1017-755-642,358-23-300-324-129-51-56-374-337-294-158-353-127-53-126-244-139-175-13-316-101-308-41-35-354-271-332-219-235-326-339-191-87-286-207-176-7-238-359-34-105-318-355-76-112-184-336-47-90-295-141-230-334-348-190-57-275-82-169-62-165-356-257-240-289-157-216-31,5.382352941176471,0.02865838799999665
instance_0012,91-14-107-121-106-63-5-116-81-99-119-102,241-244-239-155-99-90-139-270-228-103-298-128-22-223-75-46-25-156-234-245-213-179-14-43-216-166-212-49-304-82-68-110-53-70-145-32-279-7-193-31-206-45-202-0,0.7954545454545454,0.0023554530000069462
instance_0013,4393-1290-3108-2223-6773-8124-8126-1221-2372-4796-4299-2287-619-6365-5450-6385-3175-3303-4853-5174-2647-883-966-77-3187-7249-8319-7898-4258-1413-7991-3799-4401-1110-4016-3847-5198-3471-5135-8089-6673-5266-6480-7502-6651-3750-3152-4616-1153-5602-2791-5863-7115-6021-6390-1854-4927-527-1372-3087-6002-4178-1583-1780-3040-7672-1525-6840-7655-2081-7986-6324-7335-672-5587-3366-6318-3716-5166-311-3553-2166-6342-4922-5981-6675-6798-8332-5273-5632-1099-6296-4921-2518-2889-1227-5991-2043-4789-1585-6924-2281-95-5767-4630-496-3304-4776-763-1648-8267-7436-3470-2137-2808-3604-4663-1861-4042-2063-7925-212-1155-1149-90-7794-3989-4729-6947-7210-6560-1162-1862-1930-2379-6494-7254-811-3186-4730-5-8275-7055-6630-2234-5304-3661-755-4156-5200-5163-4139-7233-551-7639-3986-4770-2353-3099-4065-7912-7594-5754-1575-8087-645-8290-8076-6162-2868-1690-7332-3551-3884-4241-5630-4963-6115-6283-213-2911-7111-3638-528-6511-728-3288-794-2980-3823-2464-2010-5487-5029-2804-4941-1322-3898-1308-2814-1115-4374-3025-6423-8185-2334-6737-4113-3057-3879-3210-2963-6143-298-7175-815-7846-7023-1137-3648-4460-4068-2738-2150-7010-5737-4230-1036-1170-508-1683-84-500-6507-1467-7118-407-5467-6546-5781-184-4276-5423-6568-5469-5682-6330-7517-6803-1722-5724-7554-2101-3477-3460-7248-917-5191-2910-2331-1389-7441-7320-6545-7494-7742-4051-2201-6280-2894-8362-5523-4691-7146-161-31-5180-85-6148-1531-8281-2574-2107-2225-7756-14-5520-4631-5638-2276-5049-6218-6079-2149-8025-1333-8355-5460-153-1675-2573-117-2591-5509-7161-4001-6174-7706-7838-6186-3891-5749-3572-3407-4787-7783-4435-522-7196-3318-3014-2268-4734-5092-7919-3906-6691-1206-504-1735-1778-3787-4456-3458-5353-322-3753-5776-6386-4899-6297-571-336-6376-7198-4012-5101-2721-5060-3508-6255-6249-4146-473-5305-6512-258-1107-6903-519-3669-5296-7251-714-5625-6535-8090-827-2954-6176-2461-2105-4361-2805-6039-5264-267-7184-6802-4257-4810-5597-5456-5105-1103-3158-5314-3143-5603-2388-7904-3933-6400-1565-3608-3791-2812-6017-3586-651-394-3438-959-3832-6503-3497-7177-4211-8043-2189-5843-6051-1088-472-8052-7061-5846-7060-5598-6701-4154-1030-2203-2138-5812-1273-1651-6345-1401-2260-6891-4196-3806-7792-7822-7163-49-2525-5731-203-5253-6459-5411-7352-1354-7708-7784-2729-5349-648-5986-5204-7119-3886-5368-3170-3610-6857-6805-5339-3745-3221-8180-5280-1252-6909-189-2056-7698-432-4925-43-3398-8107-3969-5852-2256-3748-4534-2553-67-568-8292-4977-1067-4851-3104-6685-5344-1578-5262-130-3260-8100-3117-4924-5188-7338-5541-2367-3929-1537-3007-5645-996-135-6774-102-3038-8155-6714-821-4983-147-1275-8026-2924-2176-7787-4427-6478-7651-3333-4543-4737-2948-1505-1686-5288-4693-2526-8320-4526-344-5627-3943-7662-278-7960-6144-6829-991-8196-4440-4774-3276-7829-5556-6309-4701-1043-154-3319-7682-2219-4083-4283-5662-4343-3499-5136-4876-1871-7089-1428-1977-2232-1937-6705-463-2972-3894-550-6487-3055-7174-4238-7301-4324-1764-6807-4117-3481-5959-4592-3536-2535-4931-6366-2369-5492-5321-6153-4991-7555-5604-3168-8045-4898-5932-1990-231-5482-2392-5514-6166-1961-5689-4940-5995-969-2627-916-5289-6661-6995-7650-4218-1824-6474-6129-6035-4564-8284-856-2357-2867-7302-281-3211-7734-2327-7930-6977-4323-7225-8309-5643-1008-7323-4129-5445-5046-4811-5997-4000-4672-335-4565-5386-3939-793-5921-6970-649-3768-3367-776-3399-2021-2092-5010-248-7032-194-268-7581-3603-315-5376-3779-7070-3921-5374-7536-1091-104-2885-7687-3010-1875-6221-5897-6538-7719-2863-2666-2778-6541-137-4985-722-1848-5688-1558-5612-3329-2142-981-4855-1054-2477-3281-5605-685-1962-8142-706-2546-8314-1314-6638-1253-1480-3910-6359-601-2773-970-2485-442-4942-2770-4417-7074-343-6656-1092-3184-1411-214-1798-2764-7701-2619-1334-2978-7886-2587-379-3383-2156-3953-8044-8095-5850-2016-7881-3376-6500-2500-7506-813-8012-6794-2763-7367-7535-6276-669-7943-4873-474-7434-8329-635-3591-995-6210-4624-4039-1367-5366-1114-6787-5620-4488-1090-7241-7642-3846-2758-5324-7596-5915-8172-5979-2175-5683-8369-7887-41-865-5893-4031-537-8027-3273-1835-5212-2058-1284-2607-5884-6791-7677-5371-1965-5154-945-4727-5242-7062-7477-5177-5007-6265-6962-1339-1105-652-495-2687-8064-591-1667-6930-4431-2090-2678-3257-2047-4951-555-1874-3873-7469-5837-607-7576-1046-7691-1707-5901-4888-4920-5911-6402-1007-4561-1323-5122-2822-5642-3707-443-992-5607-4197-1679-1511-1957-2790-5705-6288-1311-3195-4173-3045-2075-7091-3414-7994-2319-3411-2453-5312-6865-7260-2566-8119-1657-961-8210-2753-3853-1175-2989-2381-8145-2433-976-492-1325-2314-2230-2109-3615-1033-4408-7579-2789-454-4532-5847-7445-1479-3441-4130-6321-7623-5199-2783-1613-7660-7542-5531-531-7832-5012-1026-1909-6998-4492-5955-2705-5905-7298-6384-3107-6843-1776-6913-4990-5581-1818-76-4765-5770-1402-2413-425-210-5116-4664-7521-4999-1542-8308-613-5435-7700-5549-3974-2712-8310-705-1866-3047-4757-2653-2988-7039-8201-857-2196-5459-56-40-6660-783-4032-299-8-2955-2026-1285-8165-5665-7664-8136-121-5972-8331-7715-2663-1420-5066-6263-6391-1258-2776-6032-1058-3335-5580-3977-8276-5468-577-3209-3912-5274-7351-5458-4615-2174-3902-7077-4822-6224-8256-7189-8066-4003-8091-3005-5557-3387-4840-6800-6799-4426-2879-8371-4222-2301-7410-8007-3011-6438-5143-5337-3866-1737-4183-3125-3936-3935-469-5799-7696-603-4335-1550-1045-4700-623-6624-4549-1035-2401-233-1756-4830-6964-3579-510-4105-1447-5956-4119-1932-3992-5942-2632-7171-4073-6470-5540-511-5797-4351-6556-5493-8121-4124-6086-4589-4808-4555-4018-1231-6347-5165-3539-2288-5635-6022-7811-3783-4580-5690-7640-5930-7674-2034-0-4866-4004-3790-2472-1436-3310-8183-7956-7953-3106-3980-6177-3982-738-1399-3489-8060-6717-2478-2965-1668-1831-5560-6370-5276-6935-4554-1636-2127-251-1942-4986-1465-4454-2524-3129-3356-1929-6572-605-949-5299-1719-5283-3409-7168-7922-6003-103-7266-3611-5098-7831-4535-8372-5323-7474-136-4859-7591-4857-1173-6763-1987-1016-4633-1297-5426-4613-5083-1527-1900-7132-1971-5657-4723-6463-5080-3997-145-6266-6053-5693-6983-7214-6684-6272-3111-282-3657-1524-2431-4759-1584-7906-6327-7789-5881-7480-1142-832-6612-3462-1935-5182-2111-7401-3138-7027-3208-997-7893-6822-2552-4307-3486-6861-5057-5758-2786-6466-1352-629-3867-5142-7552-5357-7299-1398-7466-7637-6264-6904-598-4895-1782-2645-3613-2302-7762-6207-7255-3207-2325-6102-7807-3877-5504-7563-4714-6659-4326-5613-7188-7344-4371-7538-8296-8215-3445-4699-6987-693-7798-1663-2414-5416-1714-3089-5496-2796-2562-7931-1703-2564-5694-6127-8327-2190-5338-1125-4102-5147-139-10-5777-908-3559-2740-7314-1808-5382-4309-5655-2445-3181-2958-1390-2509-7739-5329-3727-5826-5810-1286-4968-2539-3290-4294-2103-7543-7121-6648-4429-6926-2171-5568-5618-3392-767-3694-6295-4536-993-5286-7486-6158-630-3817-108-3617-3544-2547-7107-6036-4252-1642-3482-3800-444-7384-8370-1338-2191-1209-8313-2510-915-7243-1391-6765-8291-3282-4260-1833-6778-2896-4226-45-2449-743-4753-5624-6197-4725-6993-3218-6331-7617-5552-2841-868-1696-8167-7083-1216-6679-1141-3287-1340-4915-3154-2630-1568-4702-906-7222-8004-3264-7620-1732-5621-6063-7252-1769-5916-3978-1202-5902-287-4027-3639-8019-6016-2296-8301-8354-5885-1154-5241-2878-3871-5201-6189-7250-1963-8162-4661-971-5140-2751-7973-2650-6411-1214-7999-7294-5218-4398-2134-5317-3323-3338-6084-7208-4438-230-4430-3510-674-5394-1970-6833-541-3725-2684-1168-5221-6122-5555-6911-3840-5272-487-2498-2984-7778-7047-1795-4666-3113-1368-4338-3815-1698-3535-4551-604-2589-7921-3027-2829-1306-4216-2354-1761-94-6139-7348-6756-864-6524-1925-1715-5282-4191-2993-4795-2233-6747-2036-3667-8277-1580-934-437-4266-5309-7533-1907-5745-6571-1644-228-5175-3322-8054-329-269-6033-206-5967-4497-7162-339-6583-1803-2906-1661-5726-5189-4747-3437-7560-3397-5779-5648-6204-6981-470-6686-3950-4122-4481-7307-2456-1318-2344-3191-4937-3849-979-660-2455-2389-2870-4428-2217-1716-8152-6734-7456-3594-4541-7430-365-3947-1541-7427-7770-6075-5859-4510-6919-8363-110-225-7638-3709-6419-1120-3094-8365-1880-7192-4138-5982-4772-2020-5860-817-3245-4792-15-3230-2188-855-502-4752-4021-926-4656-1638-429-6878-211-2158-1631-2257-3656-1981-5269-3548-7952-4162-7371-6751-6852-3773-4250-3926-3056-2548-1146-4052-2328-7327-7910-5964,295-363-405-174-33-29-391-40-176-410-411-332-185-41-64-194-224-321-92-400-292-55-302-223-82-1-199-99-263-356-259-368-182-287-43-131-26-222,46.3421052631579,0.11999344899999187
instance_0014,8359-8818-5222-4343-6714-413-1099-6393-7192-3077-1561-8491-8947-3960-7960-11228-9686-5650-3991-11882-7073-8060-8625-8068-439-3038-4096-7209-7684-8720-7171-1394-799-12104-7231-3636-7754-5845-8920-10819-4073-763-2344-2929-6078-7984-7944-9363-4532-8307-2181-1817-6717-3141-12053-7135-6116-4455-6538-1882-4008-6898-3181-6110-3858-6518-12016-3844-11098-7967-3621-3455-8168-7102-4604-5021-1641-3151-3374-1647-5530-1369-8704-755-7486-11452-2944-12071-2121-10798-647-4724-8277-527-447-7036-5005-1524-4338-1029-523-10148-5532-4153-10629-803-7165-8058-858-7852-7676-6075-10073-12090-4646-4701-9837-9970-4779-6866-11888-1837-11419-3697-1093-8586-10898-5871-9424-10039-2534-2116-2070-10978-11038-3082-10255-6054-2714-3078-722-2470-5169-11626-10538-1609-7446-5265-8275-1386-4888-6006-2978-326-4256-10415-3847-10678-2866-3779-4939-12030-6600-7198-9055-5887-3727-9169-2525-9012-2985-2343-2229-10969-7183-9561-9330-5197-9705-12113-4613-796-9480-2064-1064-9404-8669-4984-10574-7938-1774-7257-4959-9630-6005-9433-12235-835-10775-3193-1108-6123-9310-122-1131-4496-8954-6989-5458-11854-3735-5623-7371-1588-3220-3543-5666-582-7796-7385-9403-5274-12269-9724-1184-6028-6136-3679-6640-12251-10953-2497-8236-1317-6158-11930-12355-3771-6366-2874-4868-11385-545-11943-718-4638-6420-4935-5766-2329-3362-2648-11780-4105-5935-11575-6828-12344-7350-6371-5572-10656-2867-210-4733-2572-6436-3733-9072-2539-8725-9267-9699-6844-10241-12268-5832-782-706-4822-10901-7115-1559-10428-4900-10762-4727-5804-4616-4433-7104-6867-10839-1276-10500-751-3668-7308-970-1238-335-576-7357-11204-3009-10541-6315-1334-9231-9085-3005-5671-9031-4920-10132-7784-7792-5874-6347-8468-4376-462-12001-8072-112-7942-5548-11711-6257-2311-2321-11049-2707-6902-6266-4434-6200-7188-4363-8850-3564-12003-6483-2131-1575-2238-339-5989-11660-408-3013-11598-7773-5771-8129-3048-2415-6759-11120-260-4848-9119-9483-3430-7995-7181-8645-7954-1549-4777-2712-3814-9645-4633-1060-5076-267-811-8221-983-3019-9187-2510-30-3904-12354-4356-6684-4262-5045-8976-11871-10534-6915-10136-11509-4567-119-8962-1243-249-1958-2801-4788-8959-3439-396-2406-964-4361-1716-11454-8886-8820-5580-3069-8712-2444-12138-1279-6428-1192-7610-8269-7347-9138-10826-6560-7068-6421-2971-11985-6439-10387-5942-9520-2381-6968-3445-8575-8279-6824-5320-2016-8809-5271-8912-1726-7362-568-9046-7739-8049-7484-1636-9638-2061-9410-4475-11022-8783-8679-11236-9094-9076-5349-8216-566-5293-10318-5392-1419-9713-4605-2297-10099-10871-6907-5224-10702-4574-7076-10477-6358-73-4085-3152-3815-6925-939-3737-2236-8624-7447-6648-7346-4767-5341-9467-3302-7391-3955-726-7865-1701-7005-297-3757-9186-3921-10724-1677-2245-2604-3787-1730-7911-4634-4032-6991-9599-6277-7569-2285-8098-5896-2498-12241-1357-10080-10553-7202-11262-9015-1833-10965-9156-9974-11331-10539-8241-6288-10820-8943-2090-7326-1900-11566-5193-7392-3558-11763-150-10829-4412-7835-3515-10317-5423-9814-3838-3897-5302-3063-11511-6443-8960-2526-3121-7628-12320-8642-7382-9923-6607-4317-944-1195-11732-6894-1228-7815-2925-8935-49-6730-6707-8287-9842-9415-12214-135-7655-470-11455-8002-12197-440-1702-9922-7786-9512-1947-2432-7210-1200-5478-6057-10853-4213-3026-2606-452-8630-5324-4164-11054-787-6763-9789-7330-7718-8469-9968-7510-6201-4628-4250-6188-5036-8163-287-10103-8904-951-1681-6404-1698-8615-8574-5526-9296-11286-8467-11576-9419-4714-2313-5221-10802-233-2369-1573-12128-10219-12020-1916-11827-3123-4437-11434-2203-2205-11975-1661-1894-2479-9665-2146-1303-2930-7945-903-3665-6507-12046-8892-9236-4528-11801-11743-9034-5963-11931-5798-2706-7199-9366-5583-1085-8695-10247-1165-11395-2267-11321-6912-11567-11212-7045-7900-166-12372-7126-11191-2275-8150-7021-12246-3468-10379-5126-1541-8302-1854-10608-10700-9234-173-4878-11652-9045-10800-6499-3614-354-3878-10750-5903-954-5800-4463-3496-2452-4006-1554-3156-5674-8905-7125-2359-10988-6752-2484-11233-5201-12039-1720-9874-10314-2993-7507-7047-3403-317-3056-310-4636-6890-8309-4515-12281-11745-4411-6967-12092-12328-3269-673-6735-571-4555-3159-8193-9316-10398-3570-4464-3835-9145-6715-2760-8422-7139-5503-8828-8686-11505-3191-4320-5808-11502-6940-4973-11152-269-11271-4350-1759-10594-3915-3171-1974-5788-12365-12181-11091-10481-11031-5172-4145-12086-8563-2665-8524-1309-266-489-4791-8320-3927-12233-674-8770-1244-11707-4039-199-3881-12108-9289-12044-8970-4852-11062-4571-2568-7337-2364-2773-10422-7708-938-4986-1368-3924-10945-2331-10908-11740-1338-3673-11952-1285-11053-9195-4123-7833-3491-2018-9505-3537-11938-6881-8533-4366-11751-5970-8411-130-7313-8717-4283-12061-6348-7973-6536-8700-3834-11075-5011-7055-5726-12035-6029-8449-7890-9391-12116-1721-443-11728-5921-11516-9600-6074-3157-6212-7905-5510-2014-3524-3817-11246-3470-1889-4506-7093-5632-2279-8885-2579-9013-9022-7750-1028-3412-6914-10815-1071-5976-2308-7150-8599-2460-485-3134-8620-4294-8089-6298-4522-2936-1767-3473-9728-106-12171-4445-4581-1460-9649-3713-10682-2742-5737-61-6276-7010-4328-11368-4282-7349-9185-11127-10549-6631-2972-2872-10245-4923-6271-854-4837-241-3891-8768-5695-5441-3644-9442-8397-9428-12147-6285-9417-1663-7738-2886-3896-9463-12091-11664-2428-8540-274-11355-3532-8487-7495-6654-11554-322-8668-8115-11-6185-1074-2964-2984-2042-3198-2820-7038-3699-3132-7458-6701-4979-12200-5026-9432-5364-3848-5879-709-8262-4623-9858-9610-8751-11633-10818-9337-3782-8734-899-5428-12261-7485-3910-9641-6906-11963-2957-10728-4828-10980-4010-10032-9554-4564-3535-11051-12179-430-10610-8035-360-5252-10770-4811-7524-11611-8301-10161-9133-3098-5618-6119-5112-5827-842-3934-11736-5160-11295-10731-10122-11438-11115-5559-9734-4863-3243-4430-9555-10303-9192-366-11014-10262-9380-7440-2724-1672-645-1684-10192-10671-9957-2281-1023-2314-5837-9229-5601-10427-4541-11012-1472-4897-12129-5136-9054-2737-10647-9098-5453-583-9873-8975-4723-3958-1898-2111-67-9258-12093-7007-929-6618-12400-10916-3704-8814-8716-4486-3929-5159-4988-8993-11274-2409-10437-4531-1431-5506-4771-2505-5654-4669-6854-11841-3533-2693-4578-5679-8923-8800-9343-12151-9769-1036-3279-10959-11542-7625-1290-12064-560-532-7441-2546-227-11722-7159-6488-4310-8756-6509-1622-6291-3801-2681-4248-11090-10483-5783-6524-10302-12357-5229-1795-12325-8496-7116-33-10719-7837-6674-8445-1887-3941-2880-4530-6280-7861-3251-5625-9280-4547-8522-3935-11991-1733-9894-9834-11068-495-11345-7543-741-12291-3611-1321-7152-646-350-9093-8271-1449-5655-12356-7854-5566-8592-9591-9904-524-5043-8677-6424-58-5576-7282-5290-1750-10053-7094-5905-11437-12382-3301-12017-12187-9661-8433-3145-9514-472-9875-8804-10023-3071-11214-4622-1981-6941-2697-7562-11165-1769-7206-3379-1418-7195-7962-11190-7059-6621-10123-2233-10412-11223-6598-6639-7756-2515-4332-10257-1804-7480-2861-12146-8878-7501-8362-4534-8338-2769-11877-3073-7914-9232-2567-3850-1978-4495-3039-8308-63-5057-2162-973-5362-5483-3287-2021-3527-7412-5609-9342-3724-11529-8995-6992-6444-4732-6140-11083-9836-3819-4867-9887-143-5926-2143-7054-907-397-1258-2722-2892-1081-9674-4566-2324-10725-4483-2407-3297-10328-8350-10105-11974-9740-4243-6086-12219-5786-5920-11852-6816-9210-11035-479-5471-1579-9792-6376-12322-2342-10026-12330-774-11698-1348-2942-7261-5754-5452-10686-492-3555-8805-8745-4070-5759-961-985-7190-7993-9938-10126-4962-9406-3252-3295-3589-10892-6050-3237-3617-8917-8319-2047-12343-10343-2259-1098-4675-1275-11735-8577-7867-4586-7633-9881-11545-9646-1896-3327-7444-4909-4401-2603-5964-1080-7933-5410-1618-6064-12218-11307-6676-7502-10602-4069-10458-7053-3288-6102-2816-10524-11207-11282-1620-10751-3510-12142-4625-464-10162-11256-4188-3023-11203-123-7074-4651-8341-2194-3307-8849-8847-2538-4546-3422-9399-6350-9370-11875-8918-4850-9808-10923-5924-2918-2961-11076-6770-9618-8292-12378-1595-11773-4913-5141-5322-8323-11229-11857-5010-6578-597-6146-8095-1405-2513-9084-8983-6007-6814-2678-7113-11273-7699-8966-11279-3883-6311-8238-2459-7588-8478-9412-10227-9854-7994-1950-7989-12115-6793-7689-8182-5404-1792-6497-4352-4003-1410-149-6230-4196-4386-1470-4858-10366-5551-11653-11776-6245-5698-1626-4289-8591-5509-10222-7621-6932-2637-8567-12369-10449-2128-8528-7466-3643-8104-4173-9075-4883-3731-8450-8952-3630-11293-2547-7374-8692-3340-9942-486-3768-10008-11468-10634-11546-2512-3016-10489-6798-8142-4640-10265-9589-10119-10284-1753-1539-11319-3931-8460-9776-6750-4702-4820-5765-9687-3229-9421-6363-1295-7561-5432-388-8005-935-4698-3385-11809-10736-405-9327-10726-1486-9497-4797-2441-2401-281-7086-7663-9047-136-5516-6427-6679-4405-160-12340-7635-5862-8982-4178-10157-6713-6360-2792-520-12304-2609-5356-2007-10967-1393-4948-3640-5378-12161-1103-8385-5716-4901-1820-3111-5997-9176-12079-5977-9320-6035-11777-11094-2261-1186-10867-2599-5535-12361-5643-2522-2482-2106-2858-1508-3526-6627-9628-10537-9228-69-2691-9222-8473-2789-5846-2001-4832-10789-1643-11108-8837-10674-4212-7322-11552-6111-1062-978-516-10765-732-8465-6744-6721-5923-1079-3483-1234-820-5310-2288-8634-3001-5104-10589-10248-8598-9694-11565-8722-4677-476-1037-5985-379-385-1065-2968-3684-6973-8085-10101-12309-4647-8810-4269-7986-90-3349,297-30-150-242-9-51-126-217-335-154-148-84-155-33-198-318-263-8-314-76-177-295-72,84.82608695652173,0.11960461600000372
instance_0015,1321-6453-6279-4548-5550-2174-3187-5251-6135-3583-7350-4547-3651-1208-6878-1479-3319-3246-5838-3966-3602-2243-3505-2387-2177-1125-6769-3929-6163-5600-3621-2604-4880-2051-4334-5778-320-6507-244-5151-3954-7327-5468-2767-2388-719-3713-168-6003-3806-7055-1436-2501-5431-1543-506-1669-4834-1003-977-5351-1696-1667-7322-6893-6853-7025-3061-3629-1087-4263-5742-7358-1550-98-3934-7108-83-5769-2101-942-2067-695-1029-3406-3615-3027-4179-5513-2073-1141-2365-386-6034-2297-5121-5598-5949-963-584-1189-4504-5158-1689-3709-5237-3190-33-338-2829-5863-4706-5289-4889-5809-6602-4868-5873-2957-5427-405-6412-3112-4471-1146-2607-1416-5252-5002-5051-2973-2276-4486-3989-5258-6133-6228-3507-480-5628-6505-5096-1030-1058-5700-3496-7191-7208-3435-3305-36-3702-1128-5648-5794-4716-3457-3222-6083-3770-5622-6322-2905-6603-2308-5906-1959-5462-3550-980-1507-6059-1439-1277-3053-1952-3873-4152-5124-1193-4618-5760-4170-3367-2168-7071-1898-1048-5205-6719-2034-5314-1283-4403-3995-6263-3666-2746-5470-6961-4330-240-6115-3220-6788-6492-5180-2637-341-6825-2985-6883-4428-1358-4585-6206-3395-225-1554-4911-6485-2970-1888-5973-1290-2277-6330-5979-123-153-1266-5035-1597-3189-1468-177-6592-5737-5754-4608-3226-2337-6638-1043-7295-6521-6871-538-4895-2778-6352-2328-1076-5880-1842-5133-1792-4195-2346-5558-4734-3740-2511-6454-7010-3875-6001-4200-3452-3101-5474-1045-516-6227-4978-1422-3807-1305-3743-2351-2902-1042-3364-1677-5750-4500-4970-1250-2494-997-5358-4322-2306-7062-421-1527-1885-6836-3563-3262-1341-5086-4921-7330-2864-3356-4742-6295-162-312-198-2533-5100-6068-7212-6048-6223-2842-4117-5396-7285-3360-57-1772-5107-6851-356-145-6866-3955-6275-1114-6389-5030-572-3322-4377-3455-7152-823-1059-3869-4163-2597-2391-2305-1014-4570-615-1459-1097-4701-4859-1378-6271-5220-6614-2757-5684-1148-158-4061-5309-6737-1986-1215-3373-5310-6996-5642-217-5575-6970-491-4036-1096-536-4369-1595-2584-5612-3439-6500-6022-3988-5579-4572-4603-4937-6340-6296-5067-3578-420-874-5463-494-662-6850-1613-5487-6949-263-5953-1690-5589-7043-5184-4901-4690-5301-1013-6006-4017-7013-2869-5982-1583-3379-4379-3567-992-4438-3674-4636-6213-5525-4629-258-5332-5373-2131-6107-1522-3564-4529-2944-257-3839-4270-707-2721-416-339-6495-3899-3584-7289-3264-2521-7213-492-4418-2400-4155-1470-4254-1678-5425-4213-593-5523-3412-4398-3326-390-3157-2949-700-469-3603-534-646-1313-5464-2285-5997-6714-1720-4853-4474-3978-4365,292-318-23-125-313-363-126-80-121,60.22222222222222,0.029931997000005595
instance_0016,127-365-312-710-685-551-524-1002-163-786-471-327-1088-846-589-126-1105-864-899-556-538-84-491-235-995-973-768-107-850-310-892-6-1086-456-656-503-138-68-290-914-302-486-701-1089-805-549-403-863-742-1099-508-519-362-816-199-1074-815-1016-963-929-525-271-7-1066-334-81-1069-591-400-474-155-600-808-36-313-245-1011-1026-56-1041-804-533-760-950-311-64-452-677-266-1061-1054-959-920-598-948-985-791-352-52-664-213-624-764-575-262-439-324-893-398-964-342-455-822-578-886-907-705-26-103-1059-499-611-375-682-24-523-37-858-358-87-272-479-270-346-702-984-325-288-1023-114-345-913-952-482-954-928-461-214-16-627-641,61-87-77-12,37.75,0.002422425000020212
instance_0017,235-172-34-48-190-16-360-49-60-2-393-62-85-51-408-243-149-318-191-381-398-301-94-409-399-31-213-137-162-130-112-144-139-184-228-173-106-242-238-334-233-312-141-350-79-276-124-120-45-109-293-102-239-171-326-18-183-136-114-95-110-219-328-379-37-98-24-258-175-313-314-148-222-323-368-349-167-339-384-346-390-329-204-376-284-146-394-208-199-380-216-383-215-356-132-153-268-281-59-386-111-117-194-147-278-135-406-388-402-295-252-77-44-0-414-218-142-105-411-165-126-345,52-28-45-59-31-67-9-63-60-48-5,11.090909090909092,0.0018584630000191282
instance_0018,1501-2214-435-2184-1407-1283-1308-2534-1464-409-1936-2116-262-1202-1331-496-872-309-1530-469-1591-1448-2341-2201-1499-1575-768-1307-87-635-584-866-1646-1792-2223-2085-1601-894-2034-1918-1189-222-1056-2179-1273-403-1716-1346-143-1702-364-1459-1483-1119-2609-406-1649-1583-2618-1913-160-2284-914-1120-1420-612-2395-1834-1794-682-1678-326-2484-1266-1579-613-423-544-1679-2616-275-2483-2429-2146-2347-2275-2197-822-1509-2452-1867-1771-2061-2-2490-2188-1850-591-2111-616-210-2655-782-350-1772-1685-2147-1873-1731-2120-448-1886-934-459-868-922-152-1257-490-1010-1396-389-976-118-65-1680-2419-1752-2485-1801-2246-391-165-969-1067-1462-2588-2115-1176-1139-2102-838-2252-1320-881-514-29-1953-378-1546-1297-2401-452-2084-2507-1586-2662-819-2391-889-2610-744-1740-1908-961-2234-2468-1322-726-1220-1028-2304-627-2215-1426-851-416-1216-1710-1472-2397-2552-1215-2417-2372-1759-2168-1821-555-2416-2493-1787-2256-1388-191-905-992-2614-2439-161-2126-1415-1676-1632-252-733-128-1726-699-1431-1549-1503-562-487-17-2548-45-1970-876-660-2351-1832-2385-1401-1485-1111-371-2451-1325-2029-2080-500-1587-1048-1557-968-1377-2286-455-2282-1798-808-652-1036-1147-2060-2550-686-1117-1869-2255-1517-2032-935-1905-2162-2205-1805-2176-1838-757-1163-1860-2044-795-1321-980-801-60-1697-1397-2649-2160-2574-2533-42-798-174-2333-2549-44-2647-46-1994-1135-1437-10-2634-1746-357-1795-1258-2638-564-986-2379-2425-2643-1952-394-2653-877-1237-238-1750-1559-1876-1595-622-654-1781-2266-528-1841-1309-2296-2489-1159-2028-1104-518-970-2244-2661-69-197-2414-537-2621-1196-1366-49-895-61-1712-2389-478-1304-1423-756-571-610-2154-1282-1677-1715-2008-2328-1103-2334-23-1080-1761-1303-15-2039-319-108-2673-410-946-1541-2576-2433-1738-2211-925-1717-506-1520-1318-740-1379-2149-598-1131-1274-2317-1544-962-52-281-1002-1192-2441-1292-1959-2349-2125-158-290-548-813-1926-476-1645-19-1655-1421-66-465-2221-2311-1133-2155-928-599-1004-607-637-679-745-413-1359-113-630-417-856-107-2426-1903-1819-2071-689-121-1799-2158-2170-1527-2498-400-80-950-531-354-1971-1058-315-30-1250-1729-297-1327-2499-1625-2345-1060-1369-2390-2421-2270-202-9-845-2272-2303-899-231-233-2041-1413-2625-477-772-2631-1470-2313-1185-2219-1845-893-1129-1387-2323-1989-2470-1689-1570-2404-2131-524-381-145-547-2203-2183-259-849-57-1006-810-1444-2400-566-1696-2324-2353-1751-2095-1958-2062-1606-2556-2506-674-1487-1929-1671-2134-1491-1386-2515-936-375-593-1061-2305-2012-651-1604-1928-1766-1589-960-2539-2247-2209-633-494-1724-2532-395-2659-1773-1813-156-1732-103-973-2015-2518-2237-990-902-1666-843-1976-806-773-474-425-5-446-2590-321-1979-2231-1416-803-2321-138-1414-277-1479-2309-1490-1909-724-2137-1512-1859-1005-1051-1092-1797-1419-1628-2603-1789-1778-1638-2403-1158-2022-1324-917-2069-839-2405-1049-1338-2264-1082-1150-1132-1862-2193-696-1825-2530-291-2047-1783-2177-585-1425-1667-215-53-2396-1552-794-2031-1474-1901-1144-1145-1997-2151-2159-954-1904-2263-75-2620-67-1461-94-1734-1950-891-2145-2173-1228-676-1062-2036-1532-2360-479-325-1428-2665-2315-932-1096-1207-799-1537-1081-2567-2569-2585-2570-16-1639-2274-2065-2488-723-1070-147-1204-1807-1705-625-1020-2427-2346-2073-405-2423-2561-1344-2500-1306-173-2584-1744-2637-2408-1301-790-833-2571-1911-2165-1828-21-37-497-1536-1641-1422-2233-1246-184-1709-1542-1271-835-1659-1577-2522-166-432-2467-464-450-109-1898-527-1033-2210-1760-369-2373-1281-640-1471-25-1433-1847-1820-1804-1264-1157-1037-831-387-1156-1218-1629-2473-27-1803-1210-1812-2461-1079-1842-1915-1824-2555-2474-1855-1333-1450-2280-167-1289-2445-2583-1488-710-2664-1584-226-1931-1263-1021-578-1382-1977-608-7-1367-2622-447-1270-2666-2531-1395-1571-1982-910-2169-2212-1285,82-63-15-83-71-86-76-52-74-25-33-8-24-31-58-87,53.3125,0.01621196000002101
instance_0019,1146-1983-321-604-392-708-2227-816-2187-1167-634-1943-149-309-1246-2209-2234-1297-817-936-1704-264-497-1468-2191-1098-962-742-1402-682-1253-2078-222-1955-1820-2205-1868-2062-1367-1020-1395-36-1577-1189-359-1230-1191-1013-1716-750-1681-1315-1874-1202-1358-308-2199-555-1872-166-2016-1016-478-350-2042-1065-279-611-2063-1609-16-1125-409-85-1689-741-1377-1334-2189-886-534-42-984-1830-961-2087-1127-251-894-1199-1419-1177-393-57-1978-1446-1198-238-1119-1203-1362-957-374-1275-1477-8-743-2066-543-1661-638-214-1265-307-1062-1454-781-146-592-2256-1340-1977-109-1184-696-770-524-288-496-835-52-1587-2060-915-889-2083-992-2128-531-553-65-1988-630-1776-145-2214-10-2005-318-1124-1862-1496-1818-1728-1502-1087-462-1126-1729-1914-1678-1210-110-385-2070-293-87-954-626-121-527-1298-34-2068-1772-383-431-1566-495-1568-819-1565-1311-1778-162-2019-840-260-201,61-132,104.0,0.0030083759999683934
instance_0020,4-3-2,0-4,4.5,7.614100002228952e-05
