instance_0001,60-41-57-26-33-11-24-42-55-19-23,71-15-97,12.0,0.00529992199994922
instance_0002,1,10,2.0,0.0005395470000166824
instance_0003,46-47-13-32-62-72-29,121-61-0-46-51-93-43,5.142857142857143,0.004523211999980958
instance_0004,1-8-15,70-32-75-18-45-72-74-30-54,1.3333333333333333,0.0023988269999790646
instance_0005,245-16-714-359-968-1485-1887-2117-2276-140-777-1001-1113-1959-1992-2313-2317-2365-83-135-337-572-577-594-652-655-673-813-910-953-1121-1137-1146-1177-1190-1374-1445-1810-1939-2007-2176-2275-2333-2394-2412-2416-2465-2418-774-2488-2589-2561-175-1002-559-1159-1253-1622-2039-238-263-363-397-749-1627-1965-2120-2343-2395-2436-30-190-330-352-378-429-441-477-514-552-656-920-928-996-1063-1088-1102-1306-1314-1346-1613-1663-1681-1739-1743-1832-1868-2012-2095-2361-2512-2550-1779-761-478-2565-1288-144-1723-2430-315-1811-2467-104-1046-1638-1820-2128-2460-590-617-2164-579-873-1688-1245-1360-2286-2515-807-2232-1470-2200-1441-2482-138-725-768-1856-169-1230-1458-457-2466-145-1597-2177-212-2245-390-776-1342-2114-2215-2600-646-796-826-955-2563-817-1221-332-712-155-240-1465-2502-1442-2541-2312-545-651-1577-1617-1309-1765-998-753-1357-1742-855-1461-1562-2089-57-230-291-613-625-786-876-1513-1592-1677-1788-1860-1892-2049-93-162-499-583-675-708-984-1147-1149-1344-1584-1602-1696-1712-1717-1828-1843-1964-2045-2051-2319-2340-2381-2447-2470-2532-365-1809-1890-5-53-1796-1808-2556-778-939-1223-1425-292-1127-1666-303-360-812-956-1574-1675-2331-2384-2480-334-2026-271-1260-208-255-741-1979-1287-516-780-1555-1667-1716-1935-2148-2305-554-2513-268-280-468-1018-1564-1960-2255-2543-198-305-846-1024-1062-1178-1653-1988-432-787-825-864-923-957-1130-1139-1278-1400-1585-1731-1757-2071-2124-2145-2218-2507-267-311-519-867-1036-1153-1163-1206-1448-1500-1582-1736-1773-1869-1993-2005-2108-2205-2403-2455-2569-2042-2474-371-707-783-508-497-720-766-1248-2544-350-490-670-1239-1628-1650-1924-1466-1421-143-465-596-68-1794-225-940-1396-1537-2079-2214-2307-2473-2500-119-171-234-385-483-713-853-1101-1112-1570-1608-1733-1877-2369-2372-2521-2529-9-146-638-744-888-1143-1435-1460-1505-1767-1849-1855-2230-2335-2510-2586-1659-2475-2041-326-2533-2015-422-1426-1816-1847-406-1047-2295-165-797-181-1096-2142-2349-740-1604-1963-674-1728-2328-488-564-1007-2197-2271-294-446-661-662-975-1089-1134-1502-1714-2059-2282-122-535-647-1107-1208-1220-1322-1377-1399-1797-1202-1581-1607-2397-241-503-1321-1658-1786-2132-2203-401-420-1199-1534-1685-1871-2591-44-126-131-133-178-328-764-901-1254-1409-1984-2094-2285-1200-705-633-970-1246-2485-684-1027-1056-1494-1783-2066-2115-2206-2216-77-819-1034-1226-1994-2185-2309-2440-2522-2588-105-124-142-376-450-453-668-893-1411-2287-2292-2294-2338-474-31-2104-2298-1100-745-997-1291-1503-1643-1649-219-799-1093-1189-1331-1698-1844-2231-2417-2520-2269-1695-602-1049-1997-295-1793-952-1247-2399-1065-494-1181-2555-64-228-233-423-434-88-456-1328-1691-2029-2448-2583-163-367-541-1072-1228-1885-2028-539-781-950-1320-1453-1718-2235-246-427-861-989-1215-1434-1846-1926-2058-42-86-98-176-320-659-1045-1186-1259-1335-1423-1474-1676-1795-1842-1970-2001-2339-2576-2624-102-239-297-316-341-428-440-455-482-612-733-770-823-860-884-897-904-911-971-994-1207-1464-1519-1521-1732-1803-1834-1854-1910-2321-2332-2386-2437-2489-2506-125-147-151-248-460-472-521-551-626-629-804-851-880-967-990-1028-1092-1141-1385-1463-1499-1528-1544-1589-1656-1660-1748-1825-1897-1922-1929-1934-2141-2227-2259-2290-2326-2366-2375-2423-2514-2526-79-197-204-253-321-354-357-489-859-942-1109-1138-1229-1244-1265-1293-1294-1343-1353-1376-1405-1414-1418-1449-1484-1526-1535-1547-1596-1642-1655-1764-1908-2072-2137-2155-2357-2373-2469-2490-2494-2495-2612-2621-14-509-1530-1424-2614-2461-895-398-542-746-1661-349-223-760-843-1383-1552-1974-159-201-1234-1741-1784-2125-618-1546-2559-934-2267,23-146-46-142-134-51-7-144-32-61-100-35-6-81-79-24-52-95-39-5-157-96-99-57-112-131-73-43-56,118.44827586206897,0.4392885049999222
instance_0006,1075-1193-2051-3121-4326-5577-6080-6090-6596-6822-8226-9985-1409-5059-1566-656-2537-2572-2972-3093-3286-4312-4705-5764-6388-6508-7330-9107-9860-163-253-282-445-465-622-652-817-838-867-995-1027-1151-1251-1295-1319-1331-1379-1389-1396-1450-1527-1690-1719-1731-1794-1858-2008-2021-2049-2061-2270-2275-2288-2344-2433-2556-2756-2801-2976-3000-3030-3037-3047-3074-3111-3195-3197-3221-3354-3369-3386-3437-3524-3717-3726-3743-3799-3921-4083-4306-4484-4528-4567-4606-4643-4707-4788-4806-4905-4915-4916-4935-4944-5072-5084-5107-5165-5265-5336-5346-5389-5405-5415-5517-5529-5591-5605-5736-5795-5807-5816-5821-5946-6017-6181-6245-6268-6364-6369-6372-6406-6437-6474-6689-6800-6895-7020-7097-7216-7331-7390-7406-7545-7615-7664-7717-7726-7747-7811-7813-7834-7866-7915-7934-7941-8006-8233-8334-8410-8411-8424-8580-8795-8848-8887-8894-9059-9060-9066-9103-9142-9157-9198-9220-9304-9352-9382-9436-9457-9513-9515-9617-9631-9641-9649-9716-9720-9774-9795-9888-9926-9960-10062-10112-10151-10242-10259-10268-10295-9216-167-1308-444-3637-5502-6566-3083-1996-2019-5060-6086-8038-223-1729-1969-4056-5562-6812-8473-8705-10179-934-2535-2997-3257-4028-4392-4448-4868-5859-6685-7063-7510-7578-8472-9212-9217-54-66-93-100-479-508-527-530-666-684-761-768-783-928-937-985-1068-1109-1156-1220-1431-1464-1498-1542-1619-1654-1669-1732-1749-1783-1841-1874-1934-2042-2046-2140-2154-2206-2283-2320-2327-2346-2371-2522-2594-2638-2669-2821-2896-2912-2952-2961-2995-3005-3156-3258-3267-3290-3302-3330-3350-3467-3531-3587-3611-3677-3701-3870-3878-3983-3985-4018-4058-4067-4091-4167-4254-4409-4459-4461-4548-4562-4565-4681-4706-4774-4909-4914-5016-5106-5228-5261-5306-5321-5351-5352-5387-5444-5510-5540-5543-5555-5846-5897-5906-5994-6009-6315-6322-6342-6402-6457-6716-6750-6763-7044-7066-7074-7323-7345-7379-7452-7593-7616-7641-7786-7792-7798-7894-7937-8027-8128-8135-8152-8230-8240-8280-8674-8683-8710-8726-8741-8772-8895-8934-8954-9201-9207-9225-9277-9326-9357-9381-9423-9427-9475-9488-9647-9683-9713-9749-9801-9836-9946-10012-10060-10109-10113-10168-10237-10321,75,545.0,0.6217080540001234
instance_0007,2608-7003-7756-97-251-303-360-440-724-756-1020-1250-1356-1488-1576-1595-1690-1746-1861-1900-2480-2618-2770-2957-3330-3548-3554-3644-3651-3659-3704-3727-3818-4166-4431-4566-4764-5055-5105-5114-5274-5289-5487-5860-5868-5892-6076-6081-6095-6298-6478-7075-7256-7339-7473-8092-8157-8289-4686-2845-2884-3602-4306-5945-6659-7134-7609-188-271-298-306-421-450-530-650-1027-1045-1596-1716-1751-1953-1973-2149-2225-2500-2663-2679-2899-3022-3100-3327-3454-3597-3657-3698-3894-3996-4082-4235-4601-4691-4771-4822-4882-5003-5013-5121-5330-5423-5498-5605-5767-6258-6307-6480-6522-6535-6827-6837-6932-7048-7074-7243-7245-7598-7761-7896-8031-8054-8135-8225-8243-1065-32-7545-383-849-3666-6941-6976-7567-969-1117-1303-1777-1925-3276-3517-4274-4546-5011-6316-7468-7826-42-77-192-263-270-296-347-445-521-719-781-854-876-917-918-923-1079-1094-1166-1251-1259-1270-1307-1348-1474-1502-1581-1587-1647-1655-1679-1680-1732-1733-1785-1836-1927-1978-1984-2031-2132-2174-2212-2224-2288-2418-2586-2641-2668-2683-2779-2819-2850-2890-2908-3091-3183-3217-3256-3279-3280-3420-3448-3474-3494-3509-3641-3647-3660-3689-3835-3870-3926-3934-3994-4052-4245-4272-4400-4452-4482-4543-4572-4575-4689-4722-4746-4869-4952-4964-4992-5007-5040-5042-5076-5161-5188-5231-5275-5284-5296-5339-5353-5373-5399-5404-5405-5419-5425-5443-5553-5656-5695-5745-5782-5791-5835-5861-5893-5930-6028-6046-6053-6070-6227-6257-6413-6439-6482-6519-6543-6700-6719-6814-6821-6843-6856-6913-6955-6973-7104-7186-7203-7212-7222-7319-7385-7449-7489-7556-7665-7758-7820-7905-7986-7996-8035-8137-8227-8293-8294-7109-4165-8228-4022-3464-2014-2057-3901-5941-1619-2003-2363-3286-3811-4065-6572-6635-7409-326-1311-1417-1496-2357-5066-6177-6193-6490-6783-6870-7262-7659-7741-8043-8152-0-71-110-162-185-254-269-427-436-467-493-496-497-514-516-587-600-631-632-634-688-701-726-846-909-916-988-1018-1026-1041-1161-1172-1175-1176-1291-1470-1483-1510-1533-1550-1615-1684-1738-1755-1765-1778-1791-1803-1809-1835-1871-1888-1919-1994-2032-2075-2085-2145-2159-2264-2282-2332-2392-2413-2422-2483-2524-2544-2576-2607-2613-2674-2680-2781-2799-2896-2960-3002-3021-3133-3182-3263-3319-3497-3501-3504-3531-3663-3738-3767-3771-3781-3858-3887-3889-3890-3910-3923-3925-3957-3973-3984-3989-4049-4062-4079-4100-4188-4348-4495-4511-4516-4528-4585-4611-4614-4647-4731-4791-4808-4836-4892-5097-5141-5191-5238-5245-5261-5348-5392-5400-5413-5466-5519-5568-5576-5585-5630-5631-5697-5786-5787-5789-5813-5867-5935-5956-5972-6112-6113-6140-6142-6180-6222-6245-6277-6363-6436-6449-6458-6464-6475-6752-6784-6830-6928-6929-6953-6967-7005-7026-7058-7061-7213-7284-7318-7338-7378-7407-7430-7453-7463-7508-7564-7593-7602-7612-7663-7677-7689-7729-7746-7753-7847-7916-7925-7931-7944-7946-7959-7960-7973-8012-8042-8056-8076-8110-8118-8139-8184-8207-8264-8272-8305-6707-997-5687-7052-4860-5632-6634-4588-4692-5668-7961-153-1239-1678-2124-5350-5980-6101-6670-6912-7028-7229-7461-7516-7525-7926-8242-178-189-422-463-464-502-537-597-868-905-959-1194-1262-1377-1453-1538-1562-1584-1614-1626-1700-1707-1792-1931-1966-2091-2129-2133-2199-2201-2221-2227-2249-2309-2331-2389-2425-2503-2526-2542-2676-2807-2844-2916-2956-3023-3108-3144-3201-3310-3376-3490-3576-3672-3690-3703-3787-3817-3865-3979-4027-4560-4571-4694-4958-5078-5087-5134-5319-5379-5433-5476-5521-5578-5839-5864-5900-5986-6303-6467-6469-6668-6786-6854-6867-7103-7182-7188-7321-7326-7334-7688-7713-7742-7774-7917-7958-8062-8239-3592-2903-4484-5207-3470-1813-7370-1029-1209-1837-1951-2394-2452-4454-4535-5792-6778-7219-7478-7704-7723-78-84-167-261-718-912-1009-1193-1261-1328-1425-1840-1921-1922-2063-2596-2615-2866-3519-3851-4164-4194-4233-4738-5049-5103-5429-5720-5975-6199-6284-6422-6550-6606-6610-6671-6771-6800-6873-7078-7157-7175-7263-7323-7732-7814-7846-23-24-34-143-149-158-171-183-194-239-279-297-344-415-431-468-473-491-492-510-519-531-554-555-578-613-635-643-676-699-733-739-744-747-761-785-790-812-827-839-848-924-971-1033-1067-1074-1088-1105-1135-1140-1151-1152-1154-1155-1214-1238-1244-1269-1327-1353-1389-1414-1443-1455-1468-1473-1516-1549-1553-1556-1574-1646-1654-1693-1695-1811-1820-1842-1870-1878-1885-1934-1982-1988-1999-2010-2020-2024-2046-2074-2103-2104-2126-2154-2162-2167-2168-2205-2210-2242-2278-2285-2295-2296-2299-2311-2370-2373-2395-2419-2443-2456-2468-2540-2559-2595-2609-2611-2617-2625-2681-2700-2721-2823-2832-2837-2910-2912-2963-2993-3042-3058-3204-3212-3247-3278-3283-3298-3332-3345-3363-3371-3385-3394-3452-3462-3472-3499-3518-3563-3624-3676-3699-3785-3786-3791-3799-3821-3837-3928-3933-3944-3950-3958-3999-4005-4020-4056-4068-4116-4132-4139-4146-4147-4172-4179-4209-4213-4215-4223-4232-4252-4273-4301-4302-4374-4383-4412-4417-4428-4473-4551-4665-4720-4741-4744-4761-4789-4816-4885-4889-4927-4969-5093-5109-5159-5265-5306-5320-5327-5356-5378-5452-5559-5561-5564-5612-5615-5641-5659-5661-5680-5686-5691-5692-5733-5753-5768-5834-5950-6039-6058-6062-6198-6259-6330-6373-6397-6412-6495-6500-6627-6631-6706-6722-6737-6747-6790-6838-6876-6878-6879-6909-6942-6945-6959-7125-7190-7199-7204-7208-7239-7257-7277-7389-7524-7552-7577-7580-7603-7673-7678-7679-7717-7786-7885-7901-7935-7989-8001-8020-8039-8041-8057-8177-8236-8254-8282-8284,107-57-16-22-134,272.6,1.1277156400000194
instance_0008,787-1036-138-2001-1234-1945-1719-1911-1084-1739-1219-1379-1521-828-852-1454-360-506-627-871-877-940-1390-1592-1951-1980-1995-1127-2002-430-1107-1463-1020-2104-756-1308-282-1083-1812-502-1920-1707-976-1424-56-72-231-321-1041-1171-1354-1369-1772-284-833-1522-1642-1757-1863-1918-1203-1657-1728-597-1085-1813-1914-1285-219-468-684-1438-1576-1771-2149-19-630-1708-2012-713-297-76-642-710-1078-1113-1221-869-1611-1788-793-37-2164-1855-1597-1703-1040-1658-356-1869-77-963-679-1022-421-614-1024-1668-60-1431-1345-469-394-628-317-743-15-81-273-382-715-1606-592-814-1305-1466-1519-1589-1973-287-555-1273-1325-1475-1517-1984-1839-18-200-257-1550-1892-194-204-277-389-810-1343-1447-1599-1921-33-113-917-1018-1211-1281-850-797-895-2183-1773-1130-206-804-847-2111-535-1105-937-946-1381-1738-344-2063-745-2172-1341-1297-1949-517-91-733-1037-1546-1284-236-320-401-572-580-986-1413-1506-2036-31-133-380-387-576-604-950-988-1016-1142-1415-1544-1587-79-196-279-294-341-562-578-606-665-841-1070-1109-1251-1432-1672-1743-1755-1850-2043-2094-2109-254-377-590-1304-1860-1831-1500-805-1017-2147-467-774-1175-8-1065-1737-7-508-879-1147-1226-1257-1740-509-682-1000-1277-1566-1573-1768-776-901-928-1396-1901-2166-782-747-1092-1049-1601-1087-1729-2143-482-1557-2123-311-1007-1100-224-1978-306-117-1817-1894-1942-415-643-705-754-938-2041-2139-2153-2181-139-431-789-2146-2156-267-308-1287-1868-951-1044-1132-1826-120-451-899-110-1425-63-1832-944-448-1394-1423-2034-1196-737-148-247-2004-977-313-1972-371-974-106-386-1133-1698-189-552-772-2160-201-599-657-1167-1705-80-256-507-1534-1674-1933-1050-1154-1205-1327-2067-2071-0-559-574-1005-1080-1690-534-740-881-1011-1063-1290-1512-1720-40-518-551-594-626-700-1074-1636-1990-2051-2158-1-6-67-174-234-251-703-1064-1151-1156-1339-1439-1700-1965-2044-2152-314-353-471-1060-1440-1966,47-72-44-32-122-73-7-42-99-111-96-138-84-136-95-163-60-4,137.44444444444446,0.3386357340000359
instance_0009,36-68-42-17-19-1-23-33-59-54-2-24-39-64,31-180-159-269-104-32-50-87-164-80-70-66-140-155-201-296-150-252-111-280-229-16-262-78-49,2.08,0.010883357000011529
instance_0010,463-1586-848-1077-512-218-1009-852-997-873-1521-1327-983-985-1113-352-238-604-818-654-517-401-154-787-1320-1344-668-1001-1205-354-575-179-236-57-1033-1361-207-703-868-1448-1315-1225-952-140-1469-447-1019-1090-1040-705-1474-1143-978-402-1310-475-214-254-260-192-909-321-1232-411-1353-1362-1487-1273-612-1371-1531-117-270-1204-1131-1424-1203-1276-1149-195-490-1590-215-998-283-1161-167-1357-1423-1254-1142-502-505-886-745-251-305-1410-56-869-1004-1074-1235-783-1221-431-315-598-876-926-734-39-468-1155-16-1255-439-691-1137-1480-1151-73-1229-698-880-702-1053-1370-268-1409-372-332-843-125-1107-1298-224-1238-922-1079-1338-6-347-436-437-630-832-1000-1181-1295-1363-191-221-267-286-299-301-387-449-451-579-582-622-642-647-679-802-910-962-1020-1041-1125-1130-1165-1168-1169-1198-1345-1349-1356-1378-1420-1454-1484-1501-1502-0-12-22-33-58-59-61-68-76-77-88-95-105-115-118-147-187-212-226-243-266-273-276-282-292-316-356-360-364-376-394-417-429-432-452-466-474-482-489-491-499-504-513-518-523-542-546-552-581-624-627-628-641-652-689-701-707-712-719-721-723-738-764-788-795-808-812-820-833-847-855-872-879-905-948-961-975-980-1047-1048-1067-1075-1085-1091-1093-1112-1162-1166-1183-1201-1220-1275-1294-1296-1306-1313-1351-1359-1386-1390-1402-1405-1406-1414-1415-1422-1430-1436-1451-1456-1458-1478-1503-1505-1514-1518-1524-1551-1575-1579-1582,237-380-221-270-170-308-42-127-44-260-69-247-298-358-40-199-23-158-276-202-280-80-161-98-215-266-159-142-20-88-50-27-227-41-125-66-350-333-343-340-191-294-327-13-102-157-378-138-369-63-119-331-81-83-359-19-282-205-168-25-367-186-345-35-252-108-212-146-78-324-53-248-241-141-149-197-231-100-354-309-77-97-48-370-377-203,9.767441860465116,0.2503201330000593
instance_0011,54-57-520-491-820-112-217-292-309-768-739-79-259-393-653-160-732-0-264-265-992-452-25-66-824-115-237-583-828-540-915-774-134-355-606-630-77-334-507-113-316-366-703-315-640-663-869-375-468-552-341-747-849-138-208-825-885-184-352-406-499-833-46-149-153-238-565-638-842-862-897-84-164-180-359-498-508-571-584-742-956-10-11-13-20-39-101-111-120-142-222-251-291-326-337-354-378-404-430-434-510-522-542-562-643-696-738-745-754-773-877-947-997,179-67-197-8-220-136-43-210-367-53-90-323-373-44-254-116-289-31-88-34-115-113-40-217-278-123-259-213-139-3-244-246-146-84-237-21-94-214-319-329-138-86-158-142-65-352-140-261-238-160-157-91,7.384615384615385,0.15729617700003473
instance_0012,121-25-89-26-112-69-98-9-107-91-105,326-49-218-132-318-104-182-63-1-137-101,3.6363636363636362,0.00908189400001902
instance_0013,5172-478-598-1038-1564-1722-1739-2149-2570-2925-3077-3225-3421-3999-4672-4787-5060-5970-6264-6641-6843-6904-7184-8155-8214-8259-1228-795-4094-4882-7785-3742-824-836-1658-6230-5113-6050-6062-6072-6080-7796-1226-1525-2726-2875-5143-5215-5261-8292-322-4230-1661-6577-7397-10-41-268-664-1155-1249-1325-2202-2302-3025-3055-3181-3221-3692-3832-3881-4178-4308-4325-4885-5235-5281-5377-5584-5624-6321-6345-6453-6578-6612-6666-6994-8116-8319-102-400-411-522-970-1716-2137-2546-2689-3006-3127-3333-3553-3816-3879-3894-3898-4109-4115-4122-4576-4833-5302-5562-5979-6073-6212-6851-6852-7073-7187-7349-7359-8007-8064-8076-8114-8160-8239-8314-4630-95-883-966-1036-1110-1153-1227-1372-1648-1780-2079-2189-2281-2379-2518-2647-3040-3119-3152-3470-3604-3716-3750-4016-4065-4146-4401-4922-4924-5135-5469-5602-5991-6218-6318-6385-6546-6673-6675-6798-6924-7115-7233-7249-7335-7639-7898-8267-8332-71-232-357-406-431-533-595-644-710-733-829-928-935-939-1076-1222-1316-1474-1493-1502-1896-2042-2061-2345-2387-2470-2529-2597-2648-2907-2959-3019-3068-3311-3369-3512-3521-3578-3741-3755-3854-3895-4033-4206-4352-4353-4367-4557-4637-4724-4967-4972-5074-5138-5186-5268-5355-5616-5767-5768-5808-5845-5978-6040-6111-6422-6663-6665-6780-6812-6870-6902-6907-7019-7209-7354-7453-7455-7550-7553-7815-7938-8029-8031-8084-8349-535-1650-3346-1044-3390-3174-7665-3255-2954-2857-5612-214-248-574-610-635-1083-1149-1440-1742-1996-2155-2168-2442-2619-2659-2763-2943-3010-3209-3362-3629-3664-3891-3915-4086-4783-4810-4990-5104-5274-5276-5689-6007-6271-6276-6410-6449-6500-6583-6691-6720-6883-6965-7151-7229-7255-7265-7412-8037-8145-8290-8307-4942-4603-420-487-778-806-1125-1273-1859-1866-2677-3169-4840-5090-5262-5265-5294-5544-5648-5765-6419-6503-6515-6909-6974-7260-7576-7600-7912-6833-33-1603-1977-2107-3383-3608-4226-4458-4650-5415-7477-7581-7931-8090-179-298-336-354-394-1252-1311-2100-2678-2687-3297-4154-4966-5177-5264-5467-5941-7072-7143-7321-7627-7713-7886-8134-8355-2697-2706-2185-7993-672-4559-5385-8240-222-243-508-619-714-731-1022-1275-1684-1835-2249-2427-2461-2464-2576-2762-2805-2913-3281-3340-3367-3497-3498-3509-3768-3791-3836-3910-4102-4548-4989-5087-5605-5668-5705-5812-5856-6616-6809-7039-7201-7212-7394-8107-8189-8227-8234-8284-8316-3939-1399-2136-3384-3997-4140-4611-4876-4925-5496-7119-7307-7469-7895-8040-8143-234-569-1086-1752-1891-2252-5105-6223-6517-6535-7026-4431-4866-618-624-669-708-961-1766-2016-2573-3095-3644-4054-4396-4456-4507-4613-4622-4751-4776-5374-5642-5671-5886-6000-6541-6906-7517-7812-7981-8014-8176-8211-6903-203-1206-1531-1778-2334-2525-2812-3057-3648-4460-4631-4734-5280-5423-7554-381-849-1255-2321-3532-4609-4853-5641-6023-7164-7604-7894-7942-137-665-697-729-1796-1962-5252-5273-5837-5995-7506-8200-8287-6821-7216-2517-143-520-1244-1833-2544-2582-2760-2901-5971-6014-6197-6266-6314-6627-7131-8215-38-1245-2273-2502-2635-2941-3699-4079-4625-4918-5401-5894-5928-6134-6670-6997-7133-7291-7909-8016-8297-2274-210-434-882-886-1452-1861-2059-2194-3189-3450-4240-4362-4713-5089-5171-5217-5450-5492-5573-5655-5986-6502-6543-6916-7557-4779-5489-6949-7346-4186-6301-3091-1379-2783-6302-43-486-773-911-1297-1396-1490-1613-1617-1656-2010-2027-2120-2747-3248-3250-3361-3876-3886-5241-5679-6171-6317-6393-6406-6518-6653-6756-7198-7546-7739-7951-8125-2-6-14-15-20-24-40-48-62-70-85-92-98-128-135-140-150-192-194-204-212-233-235-242-254-258-269-270-274-279-281-299-305-311-315-326-355-360-383-391-395-399-441-475-499-510-516-541-550-571-584-609-631-645-653-668-674-712-716-724-728-748-755-767-774-780-784-794-811-812-825-844-859-871-879-885-895-901-915-975-988-993-999-1007-1010-1030-1059-1115-1162-1168-1173-1186-1192-1194-1198-1205-1209-1213-1224-1234-1243-1256-1260-1265-1269-1276-1278-1286-1308-1345-1346-1357-1363-1398-1403-1407-1422-1426-1462-1465-1467-1476-1480-1481-1488-1496-1509-1515-1527-1532-1538-1561-1580-1598-1600-1612-1618-1622-1625-1626-1629-1638-1641-1647-1657-1672-1683-1699-1701-1707-1715-1723-1730-1736-1757-1769-1788-1792-1810-1812-1818-1824-1837-1839-1840-1848-1853-1864-1875-1877-1886-1887-1895-1915-1930-1933-1937-1954-1959-1966-1971-1987-1989-1993-2001-2003-2019-2030-2047-2092-2104-2111-2123-2131-2132-2203-2210-2211-2217-2219-2225-2246-2251-2253-2254-2257-2312-2317-2330-2335-2357-2358-2362-2372-2447-2455-2458-2478-2510-2521-2535-2588-2630-2642-2643-2649-2654-2664-2684-2714-2730-2748-2753-2761-2778-2808-2822-2825-2827-2863-2864-2867-2881-2882-2896-2902-2944-2960-2961-2972-2980-2985-2987-3013-3016-3030-3035-3059-3070-3099-3106-3111-3126-3133-3143-3148-3173-3175-3183-3186-3187-3216-3223-3256-3257-3264-3268-3269-3277-3285-3318-3322-3357-3360-3375-3380-3401-3404-3445-3460-3465-3467-3477-3480-3485-3513-3526-3537-3539-3548-3555-3568-3572-3586-3592-3610-3611-3631-3646-3678-3679-3697-3704-3717-3745-3794-3799-3801-3815-3833-3835-3851-3868-3874-3901-3904-3929-3933-3938-3945-3952-3967-3972-3982-4002-4025-4051-4052-4061-4085-4100-4133-4143-4147-4172-4176-4183-4205-4211-4218-4220-4225-4239-4285-4286-4294-4312-4321-4410-4432-4435-4459-4485-4497-4534-4536-4543-4605-4610-4614-4628-4655-4666-4677-4681-4689-4692-4708-4725-4752-4760-4770-4821-4843-4844-4851-4854-4891-4899-4900-4902-4921-4946-4952-4959-5020-5029-5066-5070-5075-5085-5102-5140-5165-5174-5175-5184-5198-5221-5229-5237-5245-5253-5259-5266-5272-5284-5297-5307-5323-5327-5335-5356-5372-5373-5376-5380-5406-5408-5418-5426-5451-5477-5482-5490-5514-5519-5531-5549-5587-5632-5643-5676-5709-5719-5725-5732-5736-5746-5776-5781-5813-5848-5860-5861-5868-5898-5922-5930-5945-5961-5981-6001-6009-6013-6021-6027-6058-6100-6122-6143-6153-6154-6191-6192-6198-6243-6254-6255-6280-6291-6297-6309-6324-6340-6348-6349-6352-6365-6377-6390-6394-6404-6438-6466-6468-6479-6507-6509-6521-6525-6526-6545-6581-6593-6603-6639-6644-6676-6686-6689-6692-6694-6698-6705-6737-6744-6765-6775-6792-6801-6841-6861-6865-6868-6913-6962-6966-6967-6987-6995-7003-7004-7005-7027-7030-7044-7048-7050-7053-7064-7074-7082-7089-7103-7122-7127-7177-7192-7231-7261-7278-7290-7298-7308-7322-7340-7355-7383-7421-7433-7459-7463-7542-7592-7607-7629-7641-7655-7690-7700-7717-7734-7737-7752-7778-7822-7825-7828-7830-7854-7859-7872-7878-7896-7923-7926-7935-7945-7947-7971-7989-7991-7995-8009-8011-8048-8066-8101-8131-8163-8173-8174-8224-8229-8242-8253-8255-8261-8274-8301-8305-8318-8374,339-77-39-350-363-314-74-137-118-341-378-67-71-409-97-253-300-298-69-33-408-252-52-20-217-126,58.34615384615385,1.5486799700001939
instance_0014,3960-4433-5066-5963-6351-11265-10608-4786-6033-6127-7156-8236-10146-6-529-774-813-964-1394-1698-1774-1815-1888-2134-2349-2381-2425-2631-2925-3122-3229-3256-3269-3429-3598-3814-4570-4753-5188-5288-5423-5555-5671-5879-5925-6196-6257-6330-6735-6768-6968-7015-7279-7689-8194-8452-8550-8935-9098-9129-10091-10093-10156-10802-10816-11054-11201-11274-11985-12077-5502-8068-8220-8931-9034-279-379-536-579-1155-1386-1681-2055-2060-2103-2541-2707-2906-3077-3468-3519-3570-4006-4011-4406-4418-4463-4528-5011-5044-5229-5274-5375-5509-5771-6393-6610-6713-6932-7159-7480-7526-7639-7963-8178-8257-8372-8460-8478-8571-9587-9852-9968-10255-10843-11008-11113-11279-11724-11974-12196-12313-4436-11876-10223-10454-1824-7964-10381-7768-8457-3457-11399-556-3660-5765-7041-7290-10507-11890-12344-8927-995-288-1641-1900-3053-3063-3838-4454-5427-5996-6894-7140-7847-8642-10601-9743-9759-4215-6871-11813-11824-11892-3811-11817-1584-1701-2388-5607-5862-6119-7219-7221-7655-7773-7924-8516-10719-11730-274-4317-8586-10742-11700-3273-8714-9650-477-647-1128-1207-1557-1781-1929-2045-2094-2439-2718-2749-3008-3112-3499-4154-4824-4884-5153-5240-5328-5492-5532-6031-6089-6095-6250-6385-6717-7475-7486-7545-7613-7683-8626-8651-8909-9147-9219-9305-9363-9837-10073-10074-10519-10705-11038-11073-11180-11248-11563-11650-12090-10736-931-2967-7311-8-149-691-897-1019-1239-1529-1553-1720-2016-2033-2192-2244-2334-2444-2737-2773-2802-2984-2993-3430-4396-4429-4534-5213-5815-5847-6107-6245-6376-6411-6676-6688-6740-6763-7125-7371-7610-7631-7649-7848-7970-8179-8323-8422-8449-8599-8967-9045-9189-9410-9596-9610-9611-9628-9646-10192-10250-10532-11051-11247-11308-11598-11671-12016-12116-11571-30-439-632-742-929-1005-1074-1330-1384-1700-3132-3186-3321-3544-3773-4059-4423-4578-4713-5714-6075-7161-7341-7410-7821-7834-8442-8630-9145-9356-9706-10326-10420-10688-10758-10897-10954-11062-11441-12104-6200-9904-10953-209-2515-2622-3220-3490-4295-4616-4805-5458-5935-6902-8338-8707-8811-8945-9387-9613-9834-10274-10775-11172-58-524-811-1733-2162-3251-5625-5898-7712-9072-9445-10712-10901-10923-12291-9337-210-489-793-796-1101-1445-1542-2131-2335-2637-2678-2821-2908-3042-3531-3534-3641-4286-4411-4452-4515-4788-4808-4810-5000-5357-5434-6270-6391-6413-6787-6979-7095-7188-7276-7397-8739-8932-9046-9661-9732-9875-9942-10183-11306-11546-12011-12309-5655-2233-9031-12074-646-780-978-1184-1296-2069-2151-2193-2548-2710-2867-2991-3557-3611-5024-5031-5438-6674-7025-7200-7332-7793-8959-9492-10809-11553-331-11090-41-192-1157-1179-1362-2177-3092-3096-4118-4197-4910-5284-5431-6350-6392-6997-7194-7484-8511-8587-8838-9079-9176-9372-9434-9546-10100-10141-10249-10779-10980-11264-11537-11768-12369-12400-873-2300-3455-172-851-1202-1415-1441-1725-2213-2860-3590-4111-4181-4532-4782-4905-5095-5107-5255-6866-7014-7676-8146-8210-8405-8658-8842-9758-10089-10582-10625-10911-12053-12087-12184-12295-1925-10881-20-736-760-1001-1522-2366-2782-3005-3337-3371-4060-5103-5226-5616-5871-5886-6103-7147-9144-9560-3526-2764-2856-7373-885-938-3007-4062-4988-5631-6188-6597-7242-7347-7354-7700-7738-7830-7925-8362-8717-9649-9957-9974-10119-10581-10700-10811-10832-11024-11376-11402-11567-11917-11956-12048-11236-5495-2643-6541-7282-7854-11970-4682-10573-8264-2965-5623-11514-1104-2542-2603-3679-3719-3735-3825-3962-4188-4927-5322-5511-6086-6158-6578-7074-8292-8725-8759-8954-9165-9472-10855-11011-11150-11469-3141-530-937-2155-2728-3758-5621-5681-7029-8551-8978-9173-10148-10347-10402-11799-269-287-1541-199-903-1338-1573-2205-2279-2285-2369-2930-3123-4633-5583-5695-5798-5896-6404-6890-7900-8467-8620-9195-9234-9366-9505-9842-10247-10398-11434-11516-11801-11975-12092-12365-12372-12006-1299-195-305-832-1198-1270-1334-1432-1727-2117-2828-3103-3792-3968-4151-4166-4173-4320-4865-5231-5261-5526-5795-5928-7578-7940-8023-8127-8153-8325-8810-8976-9913-10162-10784-11691-11798-12049-12105-7951-31-255-263-1754-2546-2913-4870-5473-5618-6152-6644-7116-7640-7851-8424-8989-9230-9490-10624-10978-11115-11871-12355-5147-5290-784-1185-1508-1728-2665-2899-3756-3901-4178-4283-4439-4702-5161-5296-5634-6293-6672-7034-7877-8345-8438-8734-9423-9666-9858-9924-10116-10394-10882-11204-11585-11864-12269-12377-1478-8936-417-630-1221-1243-1993-2169-2371-3139-3443-3989-4276-4698-4745-4995-5003-5080-5204-5282-5472-5709-7264-7625-7756-8356-8514-8604-8840-10307-10590-10739-10790-11049-11716-11744-11994-12221-12250-6023-8263-10583-10761-62-112-2874-3552-4691-5348-10053-10334-11246-12325-684-2341-2641-3461-3511-4191-4856-5221-8309-9555-9821-10772-11583-173-233-376-408-598-615-749-911-1002-1124-1231-2257-2298-2674-2706-2738-2839-2918-3065-3153-3312-3540-4144-4322-4332-4412-4973-5048-6163-6218-6368-6502-6957-7045-7344-7350-7586-7690-7744-8003-8108-8160-8517-8660-8883-8970-9162-9171-9179-9399-9568-9616-9658-10023-10441-10593-10725-10928-11014-11121-11233-11245-11529-11532-11673-11756-11854-12341-7-10-15-24-38-66-75-86-88-95-103-109-123-135-141-175-198-211-215-225-229-247-251-260-270-277-290-295-304-337-360-367-378-381-398-415-424-431-432-434-438-450-463-512-523-528-533-544-548-576-597-607-629-638-641-649-655-656-671-674-678-699-710-713-716-722-732-763-777-779-782-788-791-827-833-835-836-841-852-857-858-859-861-876-878-899-905-932-933-950-951-952-953-954-968-970-972-973-976-980-982-984-1007-1022-1045-1046-1050-1065-1072-1077-1093-1098-1100-1109-1115-1120-1153-1166-1168-1173-1176-1182-1204-1216-1222-1240-1244-1246-1258-1260-1303-1312-1322-1326-1333-1345-1348-1351-1359-1380-1403-1421-1424-1457-1474-1488-1494-1498-1510-1534-1562-1571-1578-1585-1589-1607-1610-1615-1617-1640-1642-1644-1651-1659-1661-1672-1676-1693-1695-1702-1710-1711-1721-1744-1766-1804-1805-1818-1826-1836-1841-1842-1843-1856-1875-1883-1885-1887-1894-1896-1901-1902-1916-1927-1933-1948-1950-1960-1972-1976-2003-2005-2027-2038-2059-2063-2072-2087-2089-2090-2100-2106-2138-2141-2146-2158-2167-2168-2187-2189-2195-2228-2232-2249-2252-2258-2270-2282-2283-2301-2302-2303-2313-2319-2328-2345-2353-2368-2387-2394-2408-2430-2441-2442-2451-2454-2461-2471-2474-2476-2479-2485-2490-2502-2534-2539-2563-2573-2582-2591-2597-2609-2620-2629-2642-2654-2690-2705-2712-2729-2741-2748-2757-2769-2783-2788-2789-2799-2834-2850-2858-2859-2861-2865-2868-2887-2888-2889-2901-2917-2928-2936-2937-2957-2972-3002-3014-3027-3049-3055-3056-3097-3101-3127-3128-3144-3156-3159-3175-3183-3188-3191-3197-3209-3215-3231-3237-3247-3254-3255-3266-3271-3274-3276-3283-3357-3385-3388-3395-3407-3414-3419-3428-3434-3485-3497-3502-3523-3542-3547-3555-3565-3591-3592-3601-3605-3607-3620-3621-3633-3643-3654-3665-3687-3709-3721-3726-3730-3731-3755-3791-3819-3850-3860-3882-3883-3890-3895-3920-3922-3925-3929-3930-3931-3941-3957-3967-3973-3976-3977-3988-3991-3996-4026-4039-4048-4050-4084-4097-4155-4175-4195-4196-4201-4218-4226-4232-4238-4239-4241-4253-4265-4278-4319-4323-4330-4331-4338-4351-4381-4383-4385-4402-4428-4450-4453-4457-4474-4479-4488-4496-4502-4556-4594-4596-4622-4632-4644-4653-4679-4690-4692-4714-4723-4744-4773-4791-4807-4838-4853-4854-4861-4862-4867-4893-4909-4915-4922-4933-4937-4947-4959-4962-4967-4968-4969-4971-4990-4999-5025-5027-5039-5089-5110-5117-5126-5128-5138-5155-5172-5176-5185-5217-5224-5228-5230-5232-5237-5276-5280-5287-5337-5370-5390-5406-5421-5451-5455-5459-5477-5488-5489-5491-5512-5516-5530-5569-5589-5608-5619-5635-5659-5662-5667-5669-5690-5706-5730-5735-5743-5759-5766-5788-5800-5802-5808-5821-5824-5845-5850-5854-5874-5883-5889-5916-5917-5920-5926-5949-5979-5995-6003-6029-6032-6051-6052-6064-6068-6078-6097-6140-6153-6156-6170-6172-6173-6212-6233-6235-6242-6254-6265-6273-6285-6295-6306-6311-6352-6360-6363-6370-6379-6400-6405-6433-6436-6442-6444-6459-6464-6467-6473-6479-6486-6488-6518-6552-6561-6568-6586-6594-6603-6628-6631-6632-6638-6641-6645-6646-6661-6665-6666-6668-6692-6708-6712-6730-6731-6750-6752-6755-6774-6816-6832-6853-6864-6898-6912-6917-6923-6941-6945-6963-6994-7002-7006-7007-7019-7050-7085-7129-7131-7158-7165-7175-7176-7180-7185-7186-7187-7190-7196-7198-7199-7224-7230-7244-7280-7287-7293-7297-7305-7309-7318-7329-7330-7335-7372-7392-7400-7412-7413-7424-7425-7434-7437-7444-7445-7448-7452-7456-7467-7510-7554-7561-7574-7601-7612-7617-7619-7641-7671-7678-7679-7682-7684-7688-7702-7710-7718-7727-7759-7760-7776-7783-7798-7799-7802-7815-7816-7822-7835-7863-7880-7894-7913-7920-7931-7939-7945-7957-7974-7981-8002-8005-8012-8013-8045-8051-8052-8060-8076-8085-8091-8109-8128-8138-8150-8168-8175-8195-8226-8243-8245-8247-8251-8261-8271-8277-8290-8310-8313-8318-8359-8389-8403-8416-8437-8440-8445-8451-8465-8471-8473-8483-8506-8537-8567-8570-8583-8584-8590-8591-8603-8606-8616-8618-8634-8637-8655-8669-8676-8694-8695-8728-8731-8814-8854-8855-8856-8869-8889-8904-8905-8924-8940-8949-8964-8966-8982-8990-8995-8999-9003-9016-9021-9022-9043-9048-9068-9084-9094-9103-9122-9139-9146-9158-9177-9192-9215-9264-9269-9273-9296-9310-9325-9330-9334-9342-9345-9358-9378-9392-9404-9424-9436-9451-9461-9473-9478-9493-9502-9516-9522-9533-9535-9541-9559-9574-9576-9584-9589-9594-9620-9623-9630-9642-9672-9738-9761-9765-9770-9776-9806-9822-9832-9847-9849-9854-9862-9864-9873-9880-9883-9887-9894-9909-9920-9927-9938-9964-9972-9973-9986-10005-10012-10024-10044-10062-10066-10071-10081-10092-10095-10103-10120-10140-10166-10169-10177-10194-10222-10251-10283-10285-10292-10294-10327-10329-10353-10362-10397-10410-10414-10419-10446-10457-10458-10462-10465-10505-10534-10538-10572-10594-10599-10610-10619-10640-10651-10663-10666-10668-10706-10709-10710-10715-10723-10730-10752-10764-10792-10796-10798-10806-10810-10829-10835-10845-10856-10866-10878-10886-10891-10895-10902-10906-10971-10979-10984-10988-10996-11031-11058-11060-11087-11094-11098-11099-11101-11130-11137-11151-11169-11194-11197-11212-11219-11223-11231-11241-11249-11255-11284-11286-11310-11320-11321-11323-11332-11346-11350-11372-11389-11411-11413-11440-11442-11463-11479-11495-11503-11505-11507-11518-11520-11545-11548-11576-11587-11604-11621-11674-11680-11684-11706-11721-11734-11740-11745-11764-11794-11804-11808-11851-11852-11855-11861-11874-11899-11931-11933-11960-11964-11972-11992-12000-12003-12015-12020-12030-12041-12044-12046-12060-12062-12065-12095-12096-12102-12112-12115-12125-12127-12128-12148-12151-12161-12193-12217-12224-12228-12243-12251-12266-12289-12293-12304-12305-12310-12326-12328-12331-12332-12346-12378-12382-12399,125-298-22-94-97-410-115-78-320-402-363-361-313-145-57-71-56-328-215-388-265-31-148-346-93-213-222,84.62962962962963,8.294138937000298
instance_0015,122-895-2740-4231-5973-136-164-228-304-381-391-822-1068-1167-1486-1527-2089-2171-2521-2639-2845-2864-2871-2970-2975-3203-3692-3951-4358-4531-4657-4769-4813-4901-5393-5410-5439-5544-5619-5671-5953-6058-7004-7036-7166-7178-7277-7316-7356-1780-20-325-452-1587-1671-1987-2457-2525-3084-3482-3935-4232-5085-5276-5948-6470-6608-6673-6752-7010-156-177-638-712-1274-1852-1983-2143-2627-2958-3276-3603-4780-4871-5289-5403-5476-6210-7289-52-1037-1076-1176-1282-1733-2429-2511-2541-2617-2839-3537-4332-4365-4941-5083-5313-5458-5757-2738-4424-5711-6664-7259-298-586-980-1388-1828-2421-3281-3563-3630-3896-4548-5165-6190-6868-7034-4605-242-557-665-799-1197-1334-1584-1597-2005-2246-2306-2397-3308-3582-3658-4249-4564-4697-4756-4863-5230-5612-5659-5980-5990-6126-6344-6552-6594-13-230-342-443-739-1121-1658-3188-3382-3523-3529-4170-4623-4786-4824-5258-5329-5432-5460-5906-6277-6281-6527-6532-6575-5505-5782-1606-3873-4252-1066-1731-1899-2028-2638-2712-3335-3552-3720-3959-3989-4400-4628-4770-5411-5593-5902-6007-7133-7278-3-14-94-139-157-173-194-205-217-233-250-277-292-301-312-328-349-364-365-413-545-568-573-591-594-605-649-664-666-672-698-715-768-772-780-790-801-835-880-889-917-944-973-1027-1067-1095-1124-1173-1220-1257-1279-1285-1325-1361-1365-1386-1399-1431-1439-1468-1535-1575-1648-1655-1677-1680-1684-1708-1713-1720-1772-1788-1848-1867-1906-1942-1986-2008-2013-2061-2085-2093-2133-2207-2230-2234-2260-2282-2285-2311-2317-2324-2404-2446-2495-2577-2588-2623-2681-2687-2702-2705-2733-2778-2824-2847-2872-2893-2901-2922-2944-3090-3115-3121-3144-3158-3183-3194-3231-3352-3356-3414-3416-3479-3483-3490-3503-3505-3515-3534-3540-3542-3558-3598-3602-3615-3627-3632-3712-3718-3778-3824-3846-3852-3876-3878-3881-3924-3953-4001-4022-4032-4036-4050-4055-4057-4062-4071-4073-4078-4097-4158-4167-4183-4235-4338-4381-4386-4390-4413-4498-4595-4650-4662-4695-4696-4749-4904-4944-4949-4969-4983-5027-5038-5078-5126-5138-5191-5199-5241-5305-5311-5330-5381-5444-5451-5462-5491-5557-5572-5573-5661-5668-5674-5686-5730-5748-5774-5781-5796-5816-5853-5868-5871-6057-6074-6107-6115-6130-6142-6280-6303-6311-6355-6363-6391-6435-6491-6493-6506-6571-6757-6772-6778-6780-6781-6798-6820-6855-6903-6930-6931-6967-7030-7032-7053-7062-7069-7108-7140-7146-7156-7159-7179-7212-7217-7271-7288-7335,294-97-132-192-219-286-169,73.14285714285714,0.3100889019999613
instance_0016,449-700-846-920-1089-53-84-245-266-325-486-551-882-886-914-22-107-138-221-474-540-570-681-764-913-1023-1051-289-311-467-784-825-851-861-931-949-615-12-17-35-37-98-152-224-238-260-358-532-577-589-601-664-677-756-829-849-878-917-923-926-973-995-1011-1021-1075-1097-2-25-26-45-65-128-149-388-396-458-464-480-565-702-832-933-979-1019-0-1-15-16-24-41-56-67-69-71-113-127-133-140-144-162-188-189-191-202-205-240-262-268-318-322-333-344-346-349-350-365-371-381-398-425-438-453-523-525-546-549-556-575-579-585-598-603-607-621-642-661-683-701-706-718-720-732-741-751-767-769-774-776-779-786-794-798-814-819-823-847-850-863-868-899-922-941-956-957-961-969-972-977-986-989-1040-1057-1073-1098-1099-1104,46-35-18,58.666666666666664,0.09736459100008688
instance_0017,49-83-178-230-247-273-279-296-345-397-415-18-28-123-234-390-16-85-228-312-398-25-33-136-153-222-299-317-357-382-406-106-154-171-182-229-288-5-27-39-60-75-77-107-109-114-126-135-148-160-161-162-164-177-184-188-249-255-271-272-297-300-318-325-346-348-350-351-380-381-388-389-392-404-409-414,20-72-62-6,19.0,0.009050564000062877
instance_0018,2549-1266-1798-1867-60-238-357-371-622-726-808-968-1111-1220-1318-1437-1781-1795-2146-2223-2246-2351-2259-275-782-1033-2429-2439-2452-65-69-143-281-400-476-637-830-1064-1549-1859-2116-2160-2165-2237-2515-1787-1204-1446-2066-2266-17-63-227-299-309-338-375-380-595-706-940-1226-1306-1374-1420-1527-1532-1546-1590-1621-1676-1850-2083-2302-2349-2390-2391-2447-2474-2604-2621-2664-2673-2072-75-186-718-741-780-807-1180-1238-1325-1471-1750-1890-2110-145-277-326-432-446-474-566-803-1082-1273-1346-1479-1601-1689-1734-1751-1928-2022-2069-2264-2324-2345-2405-2588-2661-2533-29-128-350-448-452-564-616-876-877-969-976-980-986-1028-1036-1163-1176-1415-1431-1503-1559-1680-1685-1746-1772-1821-1908-2029-2120-2205-2244-2252-2372-2397-2485-2638-2643-1135-5-292-425-447-497-573-671-672-681-729-822-874-901-1252-1428-1448-1647-1698-1778-1939-2051-2511-2513-2576-1707-1880-107-247-517-686-701-708-1001-1012-1091-1708-1738-1820-1855-2193-2563-1688-956-1537-415-419-444-663-711-910-1659-2125-2172-2180-2678-19-1802-345-849-932-2303-665-1357-2470-2653-114-235-271-347-409-525-614-847-1006-1018-1215-1253-1297-1321-1742-1994-2219-2234-2547-2654-10-18-34-37-38-45-46-55-56-57-61-91-95-98-100-101-110-121-126-142-149-150-159-161-162-175-185-188-198-203-207-209-225-229-231-236-244-252-259-273-283-293-303-304-307-311-313-315-332-336-337-352-355-367-377-386-391-392-398-403-416-427-429-436-439-443-462-465-467-480-486-489-493-494-495-496-500-507-514-516-520-522-523-526-528-535-545-561-570-585-589-591-612-628-636-660-662-675-698-699-704-710-720-723-736-744-764-765-768-779-783-786-790-798-801-802-813-816-820-827-828-834-840-866-868-871-873-886-889-899-905-906-907-912-914-922-923-926-935-936-946-954-961-962-965-974-978-979-982-985-995-1021-1032-1040-1048-1067-1068-1077-1079-1080-1089-1098-1114-1117-1139-1145-1157-1185-1188-1198-1206-1209-1211-1214-1216-1225-1233-1257-1261-1272-1275-1278-1287-1298-1303-1304-1309-1322-1341-1343-1361-1362-1368-1371-1392-1396-1401-1402-1410-1416-1425-1432-1443-1445-1453-1457-1459-1462-1465-1472-1485-1487-1488-1490-1501-1507-1508-1522-1536-1543-1544-1557-1560-1579-1587-1593-1605-1608-1609-1626-1627-1632-1634-1644-1649-1655-1656-1658-1662-1666-1667-1682-1690-1693-1696-1697-1700-1712-1722-1727-1752-1761-1770-1776-1788-1799-1824-1831-1838-1840-1864-1876-1877-1886-1909-1911-1917-1955-1961-1962-1966-1967-1975-1979-1984-1999-2004-2011-2012-2025-2027-2028-2034-2044-2059-2060-2076-2088-2095-2122-2126-2130-2134-2135-2137-2177-2186-2195-2199-2214-2228-2233-2249-2258-2269-2270-2274-2287-2301-2304-2313-2328-2330-2333-2334-2343-2346-2358-2368-2387-2401-2404-2413-2414-2417-2418-2419-2423-2426-2427-2437-2440-2442-2444-2449-2456-2460-2475-2492-2493-2500-2502-2507-2514-2520-2524-2525-2530-2536-2538-2543-2546-2548-2551-2567-2569-2571-2572-2573-2574-2579-2580-2583-2586-2590-2601-2610-2614-2615-2617-2623-2627-2631-2634-2636-2647-2662-2670-2680,76-37-48-24-71-69-62-70,87.75,0.8217546269997911
instance_0019,2025-2149-87-431-1016-1124-1219-1431-2060-356-857-947-1119-1199-1231-1645-1778-2209-676-543-586-979-1145-1395-1477-1777-1830-2128-1661-1183-14-107-132-144-243-248-282-318-334-341-460-547-565-623-744-756-1131-1340-1377-1485-1616-1737-1746-1750-1820-1868-1883-1966-2019-2043-2114-2122-2150-2182-2222-178-24-634-985-1703-1806-1954-2110-2199-12-20-34-60-81-108-141-179-215-296-301-339-340-352-366-375-389-393-402-428-449-475-487-501-513-520-524-534-536-537-555-600-608-681-708-710-722-729-760-774-799-801-806-807-817-825-826-829-831-842-957-962-984-988-1002-1045-1046-1065-1069-1167-1178-1182-1227-1237-1254-1258-1275-1282-1315-1331-1353-1361-1382-1384-1394-1412-1414-1454-1468-1479-1484-1509-1527-1542-1544-1553-1587-1625-1653-1688-1708-1733-1764-1910-1939-1976-1981-2030-2037-2070-2094-2095-2099-2131-2132-2156-2185-2191-2211-2219,38,202.0,0.16448320600011357
instance_0020,4-3-2,1-4,4.5,0.0005863859998953558
