instance_0001,23-42-11-55-26-32-7-43-2-5-39,97-72-47-15-54-58-99-35,4.5,0.06522841499963761
instance_0002,4,23,2.0,0.00016931300024225493
instance_0003,32-46-62-13-41-29-48-10-11-74,93-88-46-32-61-45-90-35-56-70-106-55-21-91,2.7857142857142856,0.04834053700005825
instance_0004,8,58-54-27-23-37-32,1.0,0.03847022800027844
instance_0005,2561-175-1246-968-1485-629-819-1113-1226-1400-1528-2124-2588-337-450-656-1143-1177-1206-1294-1445-1484-1596-1696-1855-1868-2094-2294-2333-2416-2455-2494-1357-1178-2066-2132-2206-2216-2332-397-401-472-990-1089-1534-1871-1892-2049-2071-2343-2522-126-328-514-668-708-764-893-901-910-953-1107-1109-1149-1254-1409-1411-1435-1602-1663-1712-1717-1810-1984-2051-2176-2287-2335-2338-2394-2550-2513-16-674-1564-198-316-684-1658-662-777-1034-1134-1513-2120-2282-2317-30-131-135-142-535-552-567-577-594-647-1220-1322-1343-1374-1377-1448-1613-228-826-478-590-955-1221-633-144-332-612-2473-1130-1570-2532-42-1811-2623-2516-837-769-835-1229-1571-1858-2045-2126-541-649-712-880-1311-1666-1731-8-26-121-651-1360-1600-2292-554-1320-1718-1818-402-1604-1928-2001-2006-564-1225-1321-1521-1783-388-432-745-802-1585-1729-1922-2070-2129-2201-2306-2351-2366-2379-105-122-124-170-357-461-519-692-694-744-867-1036-1189-1356-1517-1844-1869-2108-2151-2207-2231-2303-2373-2512-2520-916-1101-1199-229-935-1578-1752-998-2409-2466-1202-1423-1728-2104-2418-503-846-1100-1988-2031-2386-119-195-238-363-613-851-1028-1291-1685-2365-146-267-376-1460-1500-1505-1642-1698-2417-2586-1867-268-367-1096-539-781-1434-986-2624-241-940-1494-1834-2079-2307-317-483-625-661-853-967-1112-1714-1837-1860-2145-2191-2369-2521-9-352-638-655-673-996-1342-1584-1655-1767-1773-1797-1843-1849-2007-2095-2275-2381-2447-2569-646-2488-2589-342-465-68-98-714-855-1581-1607-2328-2397-2543-225-559-1007-1164-1253-1461-1732-1786-2039-2115-2117-2214-2603-57-125-385-420-460-713-749-824-864-1334-1385-1502-1592-1627-1677-1825-1877-1959-1965-2290-2375-2395-2436-2507-2591-44-93-190-330-378-429-441-453-477-583-652-920-928-1063-1088-1102-1306-1314-1331-1414-1582-1665-1681-1743-1832-2012-2361-1779-807-1288-138-2430-315-1565-2226-2269-494-280-1537-923-1330-1754-11-1041-1535-2087,131-112-57-32-83-58-122-42-73-96-146-72-30,114.92307692307692,1.460059721000107
instance_0006,8630-1652-435-8163-1844-3222-5413-5439-8717-8776-189-335-603-698-705-806-1400-1745-2547-2703-2997-3382-4028-4392-4553-4846-4978-5673-5950-6168-7210-7705-8247-8429-9428-9739-9868-10193-12-75-95-100-101-125-129-162-208-228-249-287-297-299-306-407-438-449-459-463-467-480-503-506-541-554-555-571-573-588-697-708-710-727-740-795-924-927-928-936-952-962-982-1008-1013-1034-1075-1084-1171-1179-1181-1184-1193-1226-1238-1280-1300-1316-1341-1359-1431-1432-1451-1463-1536-1567-1594-1628-1674-1709-1713-1733-1738-1742-1749-1766-1771-1783-1790-1852-1902-1915-1930-1954-1956-1977-1987-2023-2030-2051-2056-2084-2155-2185-2307-2312-2317-2332-2443-2467-2470-2473-2493-2522-2531-2561-2563-2594-2609-2647-2653-2661-2681-2705-2764-2781-2795-2821-2996-3058-3063-3121-3123-3144-3189-3214-3227-3241-3247-3272-3297-3355-3365-3389-3392-3511-3521-3658-3767-3777-3847-3863-4035-4139-4156-4176-4195-4223-4238-4251-4294-4298-4299-4326-4438-4464-4487-4488-4494-4548-4597-4631-4658-4685-4686-4696-4701-4714-4715-4769-4800-4811-4812-4828-4850-4877-4909-4942-4950-4953-4968-5017-5047-5063-5065-5089-5097-5103-5110-5124-5129-5353-5356-5368-5417-5444-5474-5492-5566-5577-5596-5600-5619-5626-5636-5697-5699-5702-5706-5715-5748-5775-5785-5891-5903-5910-5920-5934-5944-5968-6065-6080-6090-6092-6100-6115-6130-6177-6201-6251-6272-6280-6286-6329-6338-6339-6348-6411-6463-6478-6499-6565-6570-6571-6591-6596-6628-6678-6705-6716-6738-6792-6822-6823-6824-6877-6911-6919-6922-6934-6939-6967-6995-7009-7034-7047-7049-7089-7170-7186-7188-7243-7369-7373-7396-7403-7427-7477-7516-7591-7696-7761-7769-7790-7801-7844-7874-7977-8022-8109-8172-8185-8197-8226-8261-8270-8284-8294-8329-8582-8598-8623-8635-8723-8815-8819-8868-8949-8968-8971-9014-9031-9087-9090-9135-9243-9412-9446-9450-9473-9518-9533-9546-9580-9590-9612-9648-9674-9710-9744-9797-9798-9836-9963-9973-9985-9988-10023-10060-10087-10099-10175-10191-10204-10248-9216-1409-5571-9140-5740-671-1991-1996-7401-7656-8532-9839-36-1206-1268-1706-1820-1988-2062-2535-2838-3955-4150-4276-4312-5282-6282-7330-7724-8077-8094-8641-9682-9804-10019-29-87-93-112-182-215-269-320-340-351-364-417-472-477-484-527-580-610-625-628-643-653-707-716-738-830-833-874-892-898-899-937-943-1094-1127-1158-1172-1205-1231-1253-1295-1389-1396-1417-1458-1486-1533-1611-1641-1719-1758-1782-1794-1795-1809-1845-1849-1855-1866-1877-1879-1948-2042-2086-2114-2148-2163-2203-2214-2222-2232-2233-2238-2270-2272-2283-2328-2334-2344-2346-2371-2375-2377-2468-2517-2571-2581-2624-2632-2732-2733-2770-2771-2801-2831-2882-2896-2938-2962-2987-2995-3029-3045-3047-3076-3094-3097-3098-3119-3124-3182-3232-3260-3394-3419-3447-3453-3467-3477-3560-3587-3633-3649-3663-3718-3719-3727-3831-3893-3983-4021-4024-4052-4073-4089-4110-4136-4258-4296-4306-4346-4368-4387-4461-4536-4596-4647-4654-4663-4707-4747-4767-4780-4786-4806-4833-4884-4924-4938-4962-4973-5016-5053-5072-5107-5135-5137-5155-5250-5261-5331-5352-5387-5389-5390-5391-5404-5426-5479-5534-5586-5605-5645-5649-5657-5679-5687-5703-5733-5787-5801-5806-5811-5843-5848-5897-5906-5923-5946-6009-6029-6037-6113-6148-6182-6233-6259-6292-6301-6372-6447-6487-6525-6551-6558-6575-6592-6673-6843-6897-6912-6933-6991-7019-7042-7061-7118-7206-7242-7270-7431-7437-7452-7518-7529-7549-7552-7559-7587-7615-7642-7663-7682-7699-7704-7754-7810-7866-7868-7883-7928-8040-8045-8056-8080-8137-8152-8154-8195-8334-8349-8382-8456-8470-8505-8657-8710-8726-8772-8796-8803-8823-8909-8918-8933-8934-9076-9139-9150-9179-9200-9267-9277-9375-9409-9410-9475-9548-9683-9688-9713-9717-9740-9752-9779-9926-9946-9974-10113-10128-10242-10265-10267-10272-10321-2934-167-933-5832-3637-5502-6566-2366-2954-3083-4178-4855-5236-7728-8268-1756-1784-2019-8673-9037-9193-9299-1354-2248-2902-4056-6318-9449-9508-298-305-338-934-1173-1846-2228-2268-2446-2683-3378-4094-4117-4491-4657-4730-5274-5604-5919-5960-6211-6578-7063-7249-7498-7787-8204-8389-8497-8884-9212-9459-9860-9890-10068-10107-10220-7-9-11-62-80-81-91-92-105-203-214-240-252-278-380-412-420-429-442-499-550-570-585-627-630-645-660-665-703-768-792-913-953-974-985-992-1040-1042-1123-1125-1133-1144-1201-1232-1275-1317-1323-1339-1404-1430-1439-1446-1466-1503-1560-1579-1636-1638-1654-1672-1700-1717-1725-1806-1826-1837-1841-1864-1871-1922-1953-1962-1964-1994-2025-2046-2109-2127-2140-2151-2179-2216-2221-2273-2461-2490-2497-2534-2576-2599-2669-2692-2710-2711-2720-2752-2859-2912-2927-2991-3046-3148-3157-3212-3234-3251-3293-3296-3308-3325-3339-3372-3386-3407-3415-3439-3466-3474-3481-3503-3506-3514-3644-3662-3675-3677-3695-3703-3746-3796-3836-3930-3949-3965-3997-4029-4040-4046-4047-4065-4108-4125-4132-4175-4198-4234-4239-4254-4272-4363-4366-4402-4408-4410-4429-4459-4499-4529-4549-4556-4607-4656-4666-4677-4713-4729-4745-4781-4791-4798-4810-4820-4840-4903-4925-4935-5039-5064-5175-5209-5232-5323-5351-5358-5401-5459-5532-5537-5628-5752-5760-5821-5833-5877-5892-5952-5957-5997-6026-6046-6159-6170-6175-6191-6197-6234-6236-6254-6315-6334-6398-6399-6413-6426-6432-6471-6482-6598-6649-6650-6707-6715-6834-6883-6918-6947-6982-7020-7152-7195-7208-7214-7345-7354-7371-7410-7412-7635-7666-7687-7740-7786-7904-7932-7941-7965-7981-8048-8222-8224-8230-8333-8371-8373-8393-8430-8488-8515-8557-8571-8631-8632-8730-8765-8783-8795-8818-8839-8848-8862-8871-8893-8907-8912-8915-8936-8943-8953-8983-8996-9041-9067-9070-9111-9116-9173-9182-9191-9199-9215-9233-9263-9280-9330-9357-9389-9424-9452-9461-9488-9505-9513-9517-9613-9624-9640-9647-9649-9672-9701-9706-9708-9751-9783-9822-9861-9929-9965-9982-10010-10036-10088-10112-10155-10162-10200-10226-10247-10292-10299-10316,149-132-73,474.0,2.1070659030006027
instance_0007,5278-432-1248-93-101-191-340-512-533-664-668-832-1090-1099-1116-1246-1367-1370-1373-1458-1522-1675-1806-1816-1956-1961-2107-2110-2195-2324-2335-2584-2597-2605-2847-2853-2987-2994-3070-3109-3129-3140-3147-3167-3198-3231-3275-3299-3305-3326-3382-3614-4151-4206-4323-4392-4448-4866-4870-4873-4897-4907-4912-4966-5145-5186-5262-5272-5360-5387-5455-5493-5524-5608-5740-5816-5857-6047-6164-6260-6652-6678-6689-6693-6760-6889-6892-6952-7070-7235-7738-7750-7983-8276-3592-6707-997-3470-5687-7052-4860-5632-6634-7370-1837-2452-4588-4692-5668-5792-6778-7219-7961-78-84-153-167-1193-1239-1328-1678-1922-2124-2596-3851-4164-5350-5720-5975-5980-6101-6199-6284-6422-6550-6606-6670-6671-6800-6912-7028-7078-7157-7229-7263-7461-7516-7525-7732-7926-8242-23-171-178-183-189-239-279-344-422-463-464-468-492-502-537-597-613-676-785-848-868-905-959-1067-1088-1140-1152-1154-1194-1262-1353-1377-1453-1516-1538-1553-1556-1562-1574-1584-1614-1626-1700-1707-1792-1885-1931-1966-2091-2103-2126-2129-2133-2154-2162-2199-2201-2205-2210-2221-2227-2249-2309-2331-2373-2389-2425-2503-2526-2542-2559-2609-2676-2681-2807-2844-2916-2956-3023-3042-3108-3144-3201-3278-3298-3310-3371-3376-3490-3576-3672-3690-3703-3787-3817-3865-3928-3979-4005-4027-4146-4209-4223-4252-4273-4560-4571-4694-4789-4889-4927-4958-5078-5087-5134-5159-5306-5319-5379-5433-5476-5521-5564-5578-5661-5691-5733-5839-5864-5900-5986-6039-6058-6303-6373-6397-6467-6469-6500-6668-6706-6722-6786-6854-6867-6879-7103-7182-7188-7199-7257-7321-7326-7334-7603-7678-7688-7713-7742-7774-7917-7958-8062-8239-8282-8284-7109-3639-4165-6389-5006-6692-7349-2014-2057-3901-5904-3286-3442-3811-35-515-628-786-1766-2813-4606-4863-5196-5790-6564-6884-8152-50-110-134-144-162-467-493-516-532-555-559-590-634-648-687-761-839-859-864-924-991-1026-1033-1061-1244-1291-1331-1389-1456-1510-1517-1550-1615-1663-1737-1755-1778-1846-2024-2030-2072-2074-2085-2096-2264-2295-2422-2524-2721-2799-2826-2848-2855-2940-2960-3226-3247-3263-3333-3338-3450-3518-3531-3771-3850-3957-3984-4007-4049-4094-4123-4213-4262-4267-4362-4428-4585-4808-4816-5080-5097-5238-5249-5261-5312-5322-5372-5392-5437-5442-5446-5466-5630-5634-5834-5972-6023-6037-6049-6116-6180-6245-6248-6272-6431-6644-6650-6752-6953-6998-7058-7062-7131-7227-7311-7338-7548-7568-7602-7663-7689-7834-7842-7916-7935-7960-8150-8184-8207-8230-8272-4022-3464-5104-5941-1760-2003-4425-5499-6635-7704-240-563-598-711-1415-1496-1807-3238-3508-3796-4098-4316-5103-6177-6771-7741-7846-8174-51-71-81-121-128-149-254-376-427-436-437-447-448-483-519-572-610-632-635-637-744-888-1036-1188-1228-1233-1455-1486-1518-1764-1803-1849-1871-1878-1917-1919-1942-2002-2046-2112-2167-2170-2300-2388-2421-2441-2462-2544-2568-2575-2607-2611-2613-2619-2669-2747-2762-2781-2795-2827-3002-3046-3105-3209-3311-3384-3407-3537-3551-3559-3600-3694-3726-3769-3838-3916-3939-3953-3959-3966-4079-4215-4277-4301-4309-4346-4394-4427-4455-4470-4495-4580-4644-4715-4760-4800-4885-4967-4969-4971-4979-5039-5101-5228-5273-5320-5326-5411-5413-5494-5543-5591-5615-5665-5682-5714-5787-5811-5887-5907-5931-5956-6062-6113-6165-6220-6311-6363-6464-6492-6548-6655-6813-6817-6888-6909-6924-6937-6972-7169-7209-7318-7352-7453-7561-7592-7593-7625-7642-7648-7692-7708-7782-7796-7802-7845-7853-7859-7866-7955-7966-7992-8005-8037-8049-8056-8057-8064-8093-8116-8160-8177-8182-8195-8222-8268-4935-6598-335-6398-7570-2907-4535-4686-8114-58-2496-2608-2628-3276-3457-3742-4643-5708-6210-6477-6659-7003-7246-7485-8296-1-21-22-36-44-83-177-192-204-241-290-302-360-368-385-406-452-713-784-819-833-862-1006-1051-1104-1144-1153-1170-1200-1241-1359-1378-1418-1438-1631-1666-1833-1844-1973-1997-2043-2079-2135-2140-2157-2178-2182-2225-2254-2275-2314-2397-2423-2429-2432-2445-2464-2480-2517-2547-2567-2601-2636-2641-2651-2664-2696-2716-2742-2751-2752-2773-2809-2849-2901-2919-2964-2980-3034-3044-3063-3125-3141-3152-3154-3228-3234-3241-3243-3289-3309-3341-3362-3365-3506-3507-3536-3558-3730-3734-3753-3935-4023-4041-4048-4107-4140-4167-4182-4258-4285-4297-4332-4409-4493-4565-4589-4591-4649-4710-4716-4762-4778-4834-4853-4854-4882-4899-4938-4962-5007-5059-5147-5149-5233-5299-5366-5402-5445-5448-5453-5570-5613-5651-5775-5831-5916-5930-5983-5989-5994-6017-6048-6057-6119-6147-6187-6262-6288-6313-6320-6353-6378-6400-6451-6472-6493-6532-6556-6629-6674-6690-6697-6728-6804-6899-6951-6955-7049-7156-7204-7347-7365-7368-7460-7578-7591-7621-7634-7653-7735-7765-7784-7785-7951-8003-8031-8036-8108-8145-8157-8227-1301-3788-6922-1173-779-4260-5221-7069-8261-1736-2466-3224-3239-4117-4730-5181-5426-73-215-270-303-311-372-396-440-445-578-593-725-851-1014-1059-1079-1250-1576-1648-1660-1714-1715-1746-1845-1882-1886-1897-1941-1972-2093-2101-2197-2246-2304-2319-2345-2406-2412-2424-2457-2618-2627-2708-2749-2755-2856-2875-3186-3221-3343-3351-3353-3476-3554-3616-3642-3644-3704-3744-3772-3809-3819-3830-3878-3884-3950-4054-4067-4081-4105-4221-4272-4300-4337-4407-4471-4537-4549-4596-4625-4636-4661-4675-4772-4794-4807-4939-4970-5035-5105-5180-5361-5464-5482-5483-5677-5715-5795-5809-5877-5898-6053-6070-6076-6081-6110-6225-6244-6452-6522-6555-6585-6633-6705-6872-6901-6971-7228-7230-7364-7386-7438-7551-7754-7777-7804-7819-7824-8022-8133-8190-8202-8294-3418-393-3700-945-2936-4197-6767-1029-1096-2363-4888-233-326-1417-1673-3181-3207-3792-4196-4756-6071-6193-6783-7031-7659-0-27-89-141-143-185-211-230-352-496-514-554-580-587-631-701-726-735-801-821-846-856-901-1000-1030-1041-1074-1138-1156-1161-1172-1175-1275-1323-1483-1571-1684-1738-1765-1791-1809-1879-1888-1935-1936-1971-1994-2015-2032-2061-2185-2186-2279-2305-2352-2379-2487-2494-2499-2512-2558-2576-2656-2674-2680-2735-2869-2982-3092-3133-3177-3216-3356-3472-3501-3504-3525-3540-3729-3781-3854-3887-3890-3910-3923-3973-4100-4188-4266-4375-4416-4456-4511-4647-4659-4671-4700-4728-4731-4747-4836-4922-4943-4953-5008-5111-5141-5245-5258-5337-5348-5385-5396-5400-5463-5500-5512-5568-5640-5778-5785-5786-5789-5837-5867-5966-5974-6142-6151-6222-6241-6436-6458-6475-6779-6784-6830-6836-6844-6967-6992-7005-7033-7143-7407-7413-7446-7564-7666-7746-7788-7892-7931-7959-8012-8014-8076-8118-8139-8255-8264-8304-8305-6502-4264-4932-6297-6364-6640-7363-235-638-863-969-1555-1925-2979-4175-4274-4987-5011-6134-6769-7134-25-34-104-201-202-209-438-551-595-603-620-661-752-757-781-829-854-872-891-897-932-964-966-1008-1056-1151-1238-1270-1278-1297-1322-1340-1390-1405-1406-1428-1451-1540-1551-1573-1654-1671-1679-1687-1824-1853-1912-1926-1988-2021-2031-2059-2077-2115-2191-2196-2266-2311-2369-2401-2411-2443-2490-2540-2625-2630-2638-2644-2683-2729-2733-2748-2785-2806-2819-2823-2881-2897-2915-2943-2955-3025-3161-3213-3218-3262-3405-3499-3561-3647-3665-3699-3763-3800-3828-3835-3883-3888-4029-4108-4127-4174-4187-4225-4237-4278-4376-4399-4420-4424-4550-4573-4576-4598-4668-4678-4679-4722-4726-4755-4767-4830-4840-4918-5033-5057-5068-5174-5211-5219-5231-5265-5280-5336-5409-5459-5486-5508-5513-5598-5646-5650-5692-5721-5757-5782-5797-5798-5799-5812-5833-5856-5905-5938-5977-6001-6006-6011-6014-6051-6066-6095-6098-6169-6179-6182-6227-6232-6257-6274-6305-6306-6582-6595-6625-6664-6723-6821-6824-6882-6921-6973-7064-7145-7162-7181-7193-7254-7258-7270-7316-7357-7359-7418-7467-7473-7491-7496-7498-7501-7521-7601-7631-7640-7726-7764-7767-7857-7909-7986-8028-8092-8115-8135-8159-8236-8247-8286-8288-8315-2055-338-4777-7171-1081-1720-1951-7478-7575-138-142-1058-1117-1777-2029-2040-2056-2180-2642-3061-3157-4796-5138-5719-7709-15-94-97-99-112-247-256-271-281-284-318-339-341-342-354-378-390-395-431-531-560-568-614-680-683-707-712-770-790-792-802-807-869-965-1020-1021-1045-1064-1103-1107-1120-1131-1147-1155-1240-1242-1354-1356-1392-1454-1502-1534-1590-1595-1601-1612-1651-1653-1772-1827-1900-1959-1976-1990-2012-2020-2054-2132-2171-2181-2212-2219-2239-2272-2290-2318-2333-2395-2438-2442-2482-2516-2546-2548-2587-2693-2709-2740-2775-2779-2804-2839-2850-2871-2874-2934-2966-2977-3043-3056-3137-3256-3340-3350-3572-3606-3609-3634-3658-3712-3825-3833-3870-4004-4019-4073-4134-4230-4245-4389-4397-4398-4406-4440-4509-4696-4745-4905-4940-4963-5028-5042-5062-5085-5086-5201-5202-5283-5303-5423-5431-5480-5487-5497-5498-5594-5605-5683-5712-5741-5829-5968-6043-6083-6152-6218-6249-6258-6286-6307-6328-6416-6423-6473-6557-6590-6631-6673-6695-6700-6756-6796-6835-6837-6843-6932-6965-7112-7173-7243-7245-7259-7269-7274-7282-7353-7445-7522-7673-7779-7780-7806-7923-7934-8002-8026-8067-8098-8127-8132-8147-8170-8201-8277-8283-8313-32-5473-3077-4838-383-413-3666-4824-7567-364-1387-2108-2121-2857-2866-3588-3826-5140-5506-5922-6316-7336-33-40-55-91-120-158-182-225-242-258-288-308-415-425-429-549-586-607-639-660-699-704-739-747-788-798-812-852-893-954-971-1034-1069-1132-1133-1312-1414-1462-1468-1473-1478-1488-1544-1545-1547-1586-1609-1655-1681-1688-1693-1697-1724-1743-1800-1818-1831-1836-1858-1861-1870-1887-1934-1993-2009-2010-2064-2125-2224-2258-2260-2263-2277-2288-2298-2307-2316-2323-2351-2370-2375-2390-2417-2491-2505-2566-2620-2670-2783-2791-2816-2887-2912-2921-2952-2995-3058-3081-3160-3171-3259-3265-3285-3324-3355-3363-3394-3420-3526-3591-3659-3728-3860-3877-3956-3999-4068-4157-4179-4189-4243-4254-4326-4379-4419-4452-4515-4553-4572-4601-4608-4651-4688-4795-4844-4946-4950-4957-4976-4983-4993-4994-5004-5063-5076-5150-5156-5167-5177-5217-5222-5264-5275-5325-5327-5330-5399-5401-5405-5419-5430-5439-5467-5491-5553-5561-5609-5659-5669-5689-5760-5761-5768-5794-5805-5835-5846-5906-5928-5961-6078-6087-6100-6111-6154-6209-6217-6293-6348-6351-6455-6481-6482-6538-6546-6584-6669-6701-6742-6788-6799-6818-6846-6848-6851-6895-6913-6942-6945-6959-7014-7025-7051-7063-7067-7093-7104-7119-7218-7260-7291-7298-7319-7332-7384-7404-7487-7552-7572-7576-7581-7599-7618-7665-7668-7672-7679-7699-7739-7775-7798-7838-7911-7941-7953-8035-8048-8059-8129-8162-8164-8179-8183-8185-8258-8275,149-134-78-46-99-77-90-101-137-41,247.3,1.6884757740003806
instance_0008,1084-1-387-988-1142-33-79-279-294-665-841-1251-1325-1438-1743-1755-1850-341-935-1597-1762-1944-460-1703-1658-2051-392-1101-356-925-62-149-241-265-364-652-1119-1208-1529-1751-249-1461-233-299-1366-1722-91-1707-236-72-133-204-231-875-1041-1354-1369-1519-1544-562-606-684-1281-1432-1440-1672-1757-1769-1858-1863-1918-1966-2043-1739-317-733-568-1284-2073-273-1085-1413-1424-1521-56-604-828-852-950-1016-1171-1454-1587-1772-2123-196-284-360-506-578-627-833-871-940-1070-1109-1522-1592-1642-1771-1951-1980-1995-2109-1911-1040-1379-121-1151-1429-2127-1946-967-1403-1165-2102-17-131-1444-250-2151-896-1051-487-232-484-704-1957-2016-2182-8-1115-1384-1662-227-1081-976-321-1096-225-498-558-753-958-1917-313-1818-371-951-1831-1500-2071-2147-774-451-2004-1633-1127-2002-1463-1020-507-1534-2104-1078-1327-2067-178-1308-1728-1132-1636-2001-342-1083-1812-502-1920-644-635-557-469-1860-18-927-1154-1867-1334-1533-1639-81-130-405-512-551-597-754-986-1087-1605-1914-2036-27-66-263-277-592-1067-1285-1589-1632-1997-2005-2174-821-1273-1475-1984-2038-2065-29-135-377-1044-323-574-1065-1737-508-770-1147-1226-1257-1467-1740-1826-120-509-682-989-1000-1566-1573-1768-314-471-519-776-877-893-901-928-1038-1060-1100-1901-2164-2166-2141-211-2033-1679-1908-2075-900-1895-205-894-1183-1776-1840-944-787-850-745-973-590-630-963-1304-1708-552-713-1022-797-1855-614-2183-1229-1773-7-12-1219-1788-251-793-1033-1277-37-804-847-2111-2034-1945-1806-430-1107-1719-1053-2167-76-598-756-1036-138-1720-456-282-1064-206-344-1234-535-448-1423-165-148-247-1869-77-1698-1495-297-628-895-1933-421-805-1024-816-1017-1668-881-1892-1431-1345-1396-2077-694-2060-1756-556-1527-1925-337-1330-1191-176-1344-132-1436-1882-2035-2178-899-1425-1196-19-2012-679-189-2160-1705-642-710-1050-60-155-1130-1221-1554-40-869-879-1611-110-782-106-419-2172-1042-1839-990-1092-559-1037-1145-1011-1049-1601-15-320-401-1507-1888-1312-1415-1466-1700-1732-113-311-1007-1390-1837-63-977-1972-1542-772-1105-1341-599-657-937-1205-1080-946-1381-1738-1990-703-1439-1965,136-115-67-42-79-63-122-44-72-90-150-80-35-114-95-32-151-163-120-138-47-99-132-7-60-84,103.11538461538461,1.3121156010001869
instance_0009,1-23-68-33-42-17-19-47-39-9-36-31-59-15,262-180-80-37-124-70-249-69-142-165-303-90-31-253-197-49-280-287-246-269-47-176-244-155-104-32-123-167-265-286-128-235-77-219-146-1-203-105-229-181-0-129-247-66-87-250-50-159-63-295-222-125,1.1923076923076923,0.05547101599995585
instance_0010,33-852-463-689-1326-997-39-63-154-604-1149-338-95-705-858-873-1521-1565-1205-1586-880-1033-1186-1465-347-1090-1315-335-1458-218-1114-1362-401-1276-468-818-1344-321-410-517-1347-1557-1463-439-1438-573-1487-215-676-744-1386-698-1423-812-1317-683-1102-260-783-1077-1131-1243-337-243-660-1089-250-267-860-1135-1474-17-848-149-185-675-1094-1219-1327-512-342-909-1380-305-932-911-61-238-594-882-1289-1180-567-1469-300-1478-163-1334-1498-1029-1200-455-1267-542-811-1231-144-759-960-56-387-546-554-691-937-1546-1589-925-560-652-701-1590-296-239-998-855-1229-240-1364-1456-366-290-1001-1430-1161-422-282-1067-402-773-983-1050-1255-471-1453-362-1159-180-283-919-1188-1428-1296-244-1005-1009-1357-1409-372-787-1313-1273-582-1168-140-1531-601-1445-44-172-984-1427-1597-690-2-929-488-1007-1422-843-1322-57-547-1514-460-263-970-1174-1078-622-477-510-270-487-1443-324-883-1239-1489-1535-1538-962-1426-143-376-539-791-1418-562-681-835-1523-436-579-1424-351-617-1468-77-429-980-1436-1524-1037-1486-12-115-380-915-1110-1260-1280-302-587-299-1182-246-480-931-50-123-1345-674-1064-688-315-870-236-214-292-478-985-1074-310-592-885-29-752-1262-1291-977-167-390-178-1113-1232-1320-1370-359-612-1442-1541-432-605-1353-452-879-958-1091-132-200-1015-1040-1072-1092-1118-1455-352-1130-513-1093,329-225-179-42-221-160-379-113-201-265-380-157-89-277-215-77-343-372-298-340-100-258-337-241-154-33-140-207-345-367-156-322-78-291-184-3-254-132-303-234-0-162-324-68-104-326-50-196-67-368-292-145-25-105-170-355-39-191-251-188-297-185-365-209-203-138-206-124-199-46-47-240-153-28-331-350-311-338-126-83-294-313-202-197-378-284-23,8.919540229885058,0.7579772660001254
instance_0011,54-57-520-509-304-143-66-824-88-226-27-869-112-192-238-378-79-217-406-46-292-309-354-222-326-818-348-393-558-161-474-452-507-25-111-768-947-456-842-992-510-101-429-675-283-419-915-305-886-488-568-948-341-754-237-299-531-375-174-124-28-171-861-172-1023-627-651-368-538-977-670-533-732-0-30-491-552-208-50-451-890-407-10-61-209-808-262-176-597-323-359-355-404-632-653-814-825-284-759-344-939-160-747-897-134-802,259-220-101-44-162-103-231-78-147-179-326-113-43-267-205-90-342-372-293-335-104-261-333-244-160-32-148-215-343-365-161-316-84-288-190-5-251-138-297-238-0-173-320-71-99-321-57-200-69-366-287-156-21-108-181-351-34,6.087719298245614,0.7218175349999001
instance_0012,89-102-42-26-103-25-105-125-82-73-106-119-93-81,287-252-143-98-178-136-268-102-164-202-317-177-101-258-215-84-318-333-274-303-241-302-31,2.130434782608696,0.07147905500005436
instance_0013,5172-128-478-598-879-1038-1564-1580-1638-1722-1739-1989-2149-2253-2570-2730-2925-3077-3225-3421-3904-3999-4543-4672-4787-5060-5970-6009-6264-6641-6843-6861-6904-7027-7184-8155-8214-8259-2144-6470-7152-617-672-1220-1613-3939-6778-194-373-384-430-502-858-896-914-1193-1227-1275-1283-1391-1467-1504-1509-1551-1600-1714-1782-1889-1937-2025-2217-2357-2380-2537-2539-2686-2699-2891-2904-3106-3605-3891-4039-4063-4086-4158-4178-4323-4432-4435-4456-4510-4562-4846-4931-5105-5176-5350-5463-5485-5496-5689-5835-5969-5995-6103-6280-6309-6342-6435-6473-6606-6661-6691-7017-7174-7223-7265-7481-7822-7895-7930-8020-8052-8167-8234-8284-8290-8307-795-4094-4882-7785-3255-3742-535-824-1658-6230-5113-6050-6062-6072-6080-7796-1228-836-2-40-305-1226-1403-1525-1657-1966-2019-2478-2684-2726-2875-3070-3467-3631-4689-4725-5143-5215-5261-5272-5297-5327-5372-6686-6913-7298-7433-7778-8009-8292-2179-1661-7510-73-137-189-248-327-411-523-552-768-1049-1268-1455-1785-1943-1962-2087-2535-2740-2763-2820-2874-2906-3010-3056-3256-3371-3458-3471-3497-3663-3832-3898-4220-4226-4708-4793-4890-4937-5126-5165-5174-5262-5514-5526-5561-5642-5847-5854-5965-6038-6173-6276-6359-6500-6520-6612-6809-6860-6921-6990-7011-7074-7099-7285-7394-7566-7881-1814-6133-199-741-5017-6805-8047-10-22-66-102-185-261-333-422-479-503-504-625-655-775-809-837-874-897-942-955-1009-1046-1097-1112-1119-1273-1508-1761-1818-1835-1886-1894-1920-2170-2298-2309-2324-2404-2453-2484-2563-2895-2934-3094-3280-3558-3566-3610-3623-3717-3861-4020-4271-4296-4442-4649-4669-4675-4685-4754-4755-4789-5054-5067-5068-5088-5118-5231-5343-5537-5538-5655-5661-5739-5884-5967-6054-6104-6251-6365-6456-6480-6753-6856-6961-7126-7165-7347-7533-7584-7677-7734-7759-7873-7931-8076-8308-8314-8371-2347-6833-157-281-298-336-621-627-667-720-740-766-789-800-851-916-947-1155-1400-1454-1556-1715-1716-1783-1883-2107-2392-2430-2536-2546-2562-2719-2885-3291-3303-3454-3656-3664-3746-3772-3878-3894-4211-4613-4639-4690-4990-5233-5290-5639-5705-5921-6019-6219-6234-6750-6952-6970-6995-7014-7132-7308-7581-7670-7678-7886-8041-8069-8090-8111-8134-8240-742-1655-1941-3500-4116-4678-4748-5218-5729-6438-6808-7076-8199-8309-2603-2449-6524-8188-152-541-564-674-1216-1560-1833-2802-2866-2870-2901-3516-3920-3976-4070-4145-5144-5513-6266-6573-7102-7252-7615-6098-1338-6242-7486-1297-3365-5241-7406-108-198-242-287-312-356-390-721-767-915-1173-1214-1527-1971-1987-2040-2115-2510-2520-2547-2585-2630-2841-2854-3111-4536-4666-4707-4859-4860-4911-5354-5552-5885-6645-6958-7131-7208-7523-7636-8291-7975-496-178-203-259-326-567-618-828-940-1078-1120-1139-1152-1279-1293-1323-1437-1510-1548-1798-1817-1911-1925-1984-2419-2524-2717-2812-3074-3108-3147-3290-3383-3409-3593-3620-3768-3925-3960-3987-4088-4154-4484-4631-4642-4745-4849-4904-4926-4963-4965-5229-5237-5242-5280-5462-5488-5690-5813-5855-6021-6177-6458-6556-6658-6743-6851-6951-7006-7246-7267-7485-7768-7953-8010-4545-5076-5098-323-451-609-629-732-737-921-1027-1122-1209-1378-1653-2004-2399-2905-3065-3462-3647-3708-3900-4056-4137-4331-4837-5140-5175-5286-5323-5426-5618-5778-5823-5841-6189-6222-6411-6926-7226-7493-7552-7789-8004-8347-2697-3346-2706-2185-3140-1033-4505-4866-7659-227-434-659-697-821-927-970-1013-1028-1335-1479-1877-1933-1967-2319-2327-2337-2352-2372-2666-2773-2780-2903-2911-3246-3281-3293-3335-3571-3572-3897-4109-4115-4292-4857-5031-5228-5273-5482-5494-5878-5972-5993-6083-6245-6261-6345-6620-6925-7051-7242-7348-7448-7708-7838-7893-7961-7968-8107-8270-1900-938-5110-832-902-997-2111-2552-5057-6272-6983-7083-7214-7299-7474-7762-8215-8296-1650-1044-3390-1471-7603-39-2033-2307-5111-6248-6745-41-56-222-269-408-446-624-631-762-779-1156-1166-1333-1554-1788-1848-1983-2168-2283-2469-2827-2965-2977-3003-3090-3095-3333-3573-3591-3789-3873-3961-4004-4064-4117-4221-4421-4718-4776-4917-4925-4935-5033-5178-5214-5264-5445-5579-5677-5752-5793-5812-5891-6113-6402-6499-6618-6796-6815-6837-6998-7078-7151-7225-7238-7345-7522-7729-7807-8168-8241-2845-62-94-154-200-316-1010-1043-1140-1167-1313-1325-1434-2316-2435-2516-2564-2778-3184-3553-3567-3595-3624-5439-6005-6198-6273-6321-6459-6852-7143-7629-8143-3645-6577-193-519-760-1149-1258-1270-1308-1576-1708-1713-1719-1872-2058-2121-2127-2254-2257-2354-2573-2619-2770-2938-3120-3162-3213-3292-3326-3362-3429-3445-3638-4052-4313-4417-4790-4826-5005-5104-5204-5207-5276-5390-5407-5566-5587-6001-6025-6419-6466-6510-6541-6584-7060-7119-7255-7274-7722-7979-8033-5224-2668-2857-3876-5226-7236-7546-204-241-272-295-351-724-735-882-1285-1399-1684-1821-1917-1996-2089-2092-2105-2353-2459-2491-2593-2627-2649-2688-2928-2961-3268-3288-3367-3522-3588-3629-3724-3767-3857-3910-3929-3972-4085-4172-4783-4944-5089-5275-5345-5369-5433-5557-5575-6241-6271-6444-6579-6617-6622-6735-6946-7129-7524-7591-7640-7701-7733-7924-7969-8294-4630-5747-71-124-134-533-594-595-708-722-733-883-966-1036-1110-1474-1502-1538-1730-1813-2041-2042-2061-2079-2184-2255-2270-2300-2521-2529-2647-2652-2761-2962-3175-3369-3470-3578-3632-3716-3755-3801-3803-3833-3993-4033-4065-4079-4128-4146-4206-4353-4367-4516-4557-4695-4724-4764-4802-4806-4889-4967-5048-5135-5138-5186-5268-5457-5767-5768-5808-5941-6087-6318-6422-6611-6675-6798-6879-6902-6907-7103-7190-7218-7249-7335-7453-7539-7839-7898-8016-8031-8089-8131-8232-6621-90-2010-4472-5394-317-354-394-420-440-487-492-522-806-933-1304-1465-1530-1536-1675-1769-1903-1942-1957-2067-2091-2269-2455-2461-2567-3329-3339-3448-4110-4614-4661-5079-5217-5357-5492-5777-6410-6415-6431-6507-6905-6962-7407-7471-7499-7578-7756-7825-8055-8282-8374-5744-2120-3886-6859-142-301-666-784-987-1324-1824-1928-2193-2202-2291-2395-2437-2689-2990-3389-3417-3735-4051-4099-4258-4411-4775-5256-5293-5334-5403-5434-5487-5584-5610-5650-5806-6292-6340-6705-7177-7307-7321-7393-7491-7554-7601-7635-7680-7864-8044-1617-6393-6406-7216-27-197-875-1289-2044-2117-4355-4475-5119-5751-6220-6232-8163-2263-5084-6846-8278-165-423-1135-1423-1747-1790-1994-2112-2771-2821-2989-3048-3230-3294-3353-3846-4044-4640-4794-5058-5108-5281-5303-5307-5383-5519-5870-5933-6281-6397-6434-6450-6782-6971-6972-7139-7162-7211-7224-7446-7540-7691-7798-7849-8024-8354-911-132-455-894-1050-1486-2589-4392-4743-7458-4942-322-4230-4603-486-3250-5612-8125-441-510-778-901-1125-1286-1422-1859-1866-2104-2131-2219-2312-2677-3169-3264-3697-4147-4285-4312-4610-4840-4843-5090-5265-5294-5544-5624-5648-5765-6013-6027-6100-6255-6503-6515-6909-6974-7044-7064-7260-7290-7355-7459-7477-7576-7600-7690-7912-8253-6903-60-119-166-196-233-282-391-457-574-761-763-816-1141-1142-1330-1853-2032-2101-2471-2497-2617-2632-2656-2667-3099-3189-3780-3841-4179-4320-4407-4504-4589-4595-4777-4907-4997-5269-5278-5376-5631-5643-5718-5825-6030-6247-6667-6671-6890-6916-7037-7582-7688-7738-7868-8210-2596-639-5419-5599-181-201-263-414-439-448-847-1007-1184-1336-1377-1643-1712-1789-1811-2062-2462-2682-2721-2808-2898-3143-3174-3210-3322-3331-3450-3547-3559-3649-3692-3903-3924-4125-4198-4345-4430-4499-4920-4923-5002-5168-5188-5246-5320-5536-5564-5726-6044-6077-6401-6457-6489-6648-6692-6726-6734-7008-7029-7063-7145-7309-7353-7366-7442-7502-7616-7647-7810-7966-8066-8095-8154-6-232-357-406-431-644-710-712-774-829-859-928-935-939-1076-1222-1224-1316-1345-1426-1481-1493-1757-1780-1896-1993-2345-2387-2470-2597-2648-2714-2907-2959-2985-3019-3068-3152-3311-3512-3521-3555-3678-3679-3741-3794-3854-3895-4133-4352-4485-4637-4902-4922-4924-4972-5074-5102-5355-5469-5616-5725-5845-5978-6040-6111-6521-6603-6663-6665-6673-6780-6812-6870-7004-7019-7053-7209-7261-7278-7354-7455-7550-7553-7639-7752-7815-7896-7938-7971-8029-8084-8267-8349-5633-5774-7373-36-74-135-258-383-571-584-676-823-1225-1321-1574-1583-1590-1916-1951-2056-2145-2267-2320-2343-2642-2966-3121-3191-3376-3435-3669-3690-3757-3777-3950-4731-4956-4969-5337-5358-5456-5508-5805-5887-5903-5979-6543-6656-6896-7028-7264-7275-7405-7415-7799-8362-4486-7908-81-103-353-576-605-637-678-707-852-1107-1217-1231-1503-1507-1524-1581-1797-1934-2227-2299-2735-2912-2930-3159-3204-3208-3313-3492-3545-3738-4069-4404-4687-4785-4945-4983-5139-5594-5936-5987-6253-6330-6361-6386-6463-6755-6834-6935-7118-7262-7391-7646-7817-7907-7956-8183-1174-1334-5446-6518-122-216-418-548-811-822-826-1129-1457-1591-2282-2533-2670-3107-3145-3404-3449-3551-4138-4197-4218-4284-4289-4291-4552-4555-4575-4810-4811-4986-5209-5212-5216-5565-5567-5948-5956-6031-6147-6320-6384-6443-6613-6677-6773-6849-7144-7268-7428-7516-7597-7755-7854-8101-8211,339-294-118-77-170-128-319-100-167-238-396-188-97-317-263-74-404-409-318-369-108-290-367-268-159-24-142-241-378-390-343-314-202-5-326,56.74285714285714,2.585061945999769
instance_0014,663-3114-1088-1138-1554-2523-3700-6364-7228-8068-9274-11-89-143-322-378-379-387-439-481-535-576-686-708-737-782-859-897-944-1103-1222-1477-1508-1698-1774-1791-1845-1915-1916-1927-1950-1994-2047-2131-2191-2241-2314-2319-2359-2455-2461-2543-2737-2925-2984-3045-3056-3143-3257-3285-3367-3404-3417-3434-3468-3542-3586-3716-3730-3739-3823-3826-3829-3926-4018-4118-4178-4218-4243-4289-4644-4730-4811-4837-4917-5010-5106-5172-5283-5423-5543-5628-5671-5862-6094-6119-6166-6257-6382-6420-6493-6537-6663-6744-6745-6802-6864-7007-7024-7126-7232-7262-7276-7278-7455-7743-7799-7963-7970-8041-8131-8204-8350-8367-8454-8516-8564-8646-8739-8752-8805-8862-9040-9057-9297-9334-9392-9453-9464-9726-9828-9920-9968-10028-10181-10255-10719-10802-10902-10942-11051-11054-11079-11108-11158-11349-11430-11500-11506-11559-11730-11734-12147-12150-12177-12351-12374-3995-9555-9998-10827-3153-6573-6807-7220-9303-96-120-318-342-698-816-975-1024-1109-1179-1394-1424-1433-1462-1512-1617-1659-1682-1747-1779-1871-2056-2347-2377-2757-2834-2863-2889-2908-3038-3072-3097-3129-3171-3178-3197-3334-3400-3430-3436-3500-3859-3950-3976-3996-4067-4073-4102-4250-4320-4383-4481-4620-4775-4821-4955-5060-5144-5175-5188-5274-5365-5375-5376-5463-5549-5610-5613-5663-5821-5891-5930-5938-6097-6389-6488-6533-6538-6568-6861-6901-6994-7050-7063-7120-7188-7319-7371-7493-7511-7527-7546-7639-7978-8046-8241-8471-8630-8924-9030-9046-9051-9079-9099-9123-9296-9344-9410-9598-9661-9662-9866-9875-9913-9930-10110-10251-10483-10623-10628-10663-11008-11020-11044-11062-11143-11219-11344-11364-11601-11659-11698-11707-11974-11992-12022-12143-12263-12331-12362-8785-4013-1366-4846-8180-10354-300-426-534-909-1428-1638-1690-1803-2031-2466-2601-2725-3062-3184-3282-3291-3693-3849-4110-4977-5273-5301-5331-5818-6751-7090-7375-7404-8087-8222-8429-8536-9063-9115-9701-10139-10382-10595-11373-11394-11619-11771-7674-5823-45-135-241-263-921-965-972-1065-1139-1160-1334-1335-1401-1432-1445-1482-1573-1584-1689-2016-2103-2197-2211-2299-2343-2441-2609-2637-2665-2804-2936-2999-3094-3106-3111-3186-3231-3530-3555-3781-3929-4061-4100-4109-4283-4515-4518-4522-4788-4830-4867-4962-5005-5104-5128-5134-5169-5340-5421-5531-5570-5698-5888-5979-6201-6212-6245-6265-6275-6360-6363-6776-6955-6979-7034-7048-7093-7159-7305-7460-7536-7574-7610-7655-7877-8005-8153-8422-8473-8641-8727-8753-8923-9045-9098-9228-9294-9481-9639-9673-9760-9942-9969-10103-10245-10410-10784-10832-10906-11094-11295-11504-11598-11801-11811-11904-11909-11938-12176-12244-12281-12326-792-2233-684-8474-408-2263-2905-7996-9399-9616-10441-11514-11529-88-95-649-657-671-835-878-973-1027-1098-1258-1341-1381-1403-1421-1474-1856-1887-2316-3071-3220-3888-4909-5458-5817-5861-5935-6304-6444-6578-6902-7332-8104-8140-8355-8552-8945-9202-9250-9396-10666-11602-12001-12230-5887-5502-8236-11854-545-706-796-983-1238-1386-1588-1609-2229-2470-2525-2714-2866-2978-2985-3078-3543-3727-3733-3847-4256-4433-4496-4613-4868-4888-4939-5076-5197-5265-5548-6005-6006-6136-6600-6912-6989-7183-7198-7308-7357-7446-7796-7938-7995-8129-9012-9055-9119-9169-9330-9403-9705-9819-10136-10415-10538-10678-11454-11626-12030-12113-12251-12268-12355-2272-2874-8497-8426-10656-1051-1064-1124-3287-5501-6341-6354-9162-137-364-370-518-557-597-747-1321-1435-1597-2162-2238-2328-2387-2406-2497-2844-2867-2888-3131-3311-3335-3502-3679-3755-3819-3941-3946-3962-4616-4965-5145-5438-5608-5638-5651-5666-5757-5874-5920-5926-6022-6055-6140-6515-6645-6683-6692-7002-7257-7444-7607-7720-7728-7793-7939-8114-8221-8313-8445-8532-8578-8591-8669-8815-8954-9058-9072-9075-9165-9390-9421-9478-9724-9835-10343-10361-10574-10637-10901-11469-11723-11746-11853-11860-12124-12338-3154-866-5924-1715-2133-7033-7350-7405-8715-9290-9470-10106-11021-11569-1-75-251-257-310-321-533-542-624-674-694-787-846-854-938-1028-1049-1073-1311-1324-1384-1407-1443-1470-1681-1701-1703-1720-1862-1889-1931-1965-1966-1990-2084-2111-2142-2160-2196-2331-2381-2452-2468-2484-2532-2562-2599-2678-2756-2772-2826-2831-2886-2997-3007-3120-3144-3155-3166-3208-3310-3403-3406-3432-3442-3471-3548-3660-3707-3752-3766-3884-3939-3942-4010-4029-4139-4235-4263-4296-4297-4366-4384-4396-4410-4600-4651-4661-4673-4937-5002-5080-5112-5203-5229-5231-5305-5337-5355-5390-5413-5447-5509-5724-5733-5788-5845-5883-5912-5931-5963-6049-6073-6249-6262-6377-6393-6558-6627-6630-6676-6772-6932-6968-7060-7155-7269-7302-7320-7362-7552-7609-7633-7638-7789-7798-7916-8060-8115-8147-8155-8257-8322-8323-8507-8567-8673-8692-8819-8854-8935-9017-9037-9041-9064-9189-9225-9255-9268-9319-9398-9454-9552-9559-9610-9611-9646-9729-9789-9873-9919-10130-10137-10379-10433-10458-10553-10568-10572-10817-10989-11136-11211-11236-11304-11350-11467-11478-11690-11792-11848-11956-12016-12114-12262-12307-12309-12376-12386-7450-580-2636-3526-4636-5556-6033-7-79-240-417-830-1035-1189-1301-1371-1376-1575-1900-2038-2169-2219-2252-2404-2559-2722-2998-3080-3413-3484-3729-4035-4119-4199-4219-4257-4748-4753-4832-4851-5125-5150-5185-5377-5406-5479-5685-5726-5735-5746-5859-6010-6051-6142-6152-6405-6421-6517-6527-6780-7160-7190-7337-7737-7973-8059-8095-8142-8278-8545-8586-8664-8723-8749-8795-8864-8905-8969-8982-9002-9139-9160-9161-9366-9408-9707-9854-10084-10257-10467-10555-10598-10717-10899-11240-11417-11740-11890-11950-12250-12272-12344-12378-7245-217-1932-3489-25-750-784-831-879-1100-1101-1119-1212-1499-1618-1623-1641-1817-2185-2329-2365-2402-2733-2760-2899-2942-2943-3073-3383-3395-3444-3466-3491-3570-3641-3650-3680-3754-3845-3934-3948-3972-4180-4303-4325-4341-4545-4639-4740-4771-4784-4804-4812-5044-5124-5176-5260-5357-5537-5577-5634-5729-5799-5957-6179-6290-6311-6317-6320-6358-6392-6635-6817-6831-6860-6923-6941-7094-7133-7140-7177-7347-7417-7452-7681-7719-7759-7851-7860-7893-7948-7961-8072-8237-8478-8492-8527-8640-8717-8869-9289-9348-9418-9428-9465-9490-9676-9684-9792-9849-10018-10156-10159-10239-10546-10597-10819-10864-10873-10983-11154-11266-11269-11279-11334-11416-11493-11523-11542-11656-11781-11798-11850-11933-12083-12151-12200-157-3513-540-1801-3538-3608-3787-4183-4866-6080-6203-7022-7107-7373-10782-11571-81-119-383-410-428-434-579-774-832-862-888-1022-1153-1227-1606-1705-1743-1786-1818-1901-2034-2427-2502-2509-2670-2687-2739-2742-2798-2801-3030-3077-3249-3274-3304-3362-3426-3435-3510-3566-3578-3640-3810-3901-4080-4084-4164-4173-4241-4358-4416-4429-4432-4465-4571-4653-4698-4731-4807-4818-4988-5027-5179-5213-5296-5309-5336-5457-5660-5668-5837-5879-6009-6064-6164-6343-6432-6624-6646-6704-6731-6798-6805-6821-6857-6884-7224-7352-7356-7431-7887-8085-8192-8193-8347-8439-8452-8459-8485-8590-8734-8744-8755-8768-8921-8948-8967-9092-9096-9200-9449-9505-9528-9753-9777-9843-9945-9996-10101-10213-10310-10357-10359-10427-10450-10532-10549-10550-10646-10653-10734-10745-10813-10829-11006-11223-11386-11438-11814-11875-11877-11931-12044-12100-12116-12197-12278-12379-4412-10-223-385-627-997-1195-1255-2088-2166-2221-2384-2423-3308-3358-3838-3890-4076-4317-5193-5302-5399-5672-5752-6567-6607-6721-6730-7392-7695-8084-8281-8642-8831-8897-9523-9872-10601-10651-11212-11511-11520-11876-10223-10454-1824-7964-7768-8457-10381-3457-3179-3185-2674-3312-6540-9083-9320-64-163-234-271-415-678-941-1156-1218-1239-1476-1538-1808-1947-1957-2164-2405-2418-2518-2538-2558-2586-2666-2671-2676-3219-3262-3336-3459-3519-3621-3642-3659-3713-3807-4273-4328-4374-4659-4719-4736-5119-5225-5293-5475-5585-5607-6134-6211-6518-6539-6799-7461-7549-7678-7855-7876-7924-7960-8179-8346-8366-8514-8976-9256-9275-9541-9581-9605-9645-9869-9963-10247-10300-10496-10613-10621-10635-10722-10763-10898-11323-11346-11433-11486-11518-11543-11604-11663-11683-11840-11855-11919-12019-12145-12347-12350-9641-5572-6453-6560-8703-11588-566-697-713-1074-1141-1208-1417-1971-2495-3314-3347-3349-3523-3525-3779-4197-4902-5111-5431-5526-5942-5960-6235-6713-6832-6844-6894-7267-7287-7346-7542-7773-7821-7834-7981-8138-8178-8184-8362-8395-8575-8632-8809-9516-9533-9740-9995-10097-10497-11178-11376-11402-11846-11977-12137-4973-905-1169-1188-1302-1974-2020-2072-2506-2530-2539-2989-3767-4222-4395-4408-5194-5844-6793-7594-8048-8649-9085-10112-10303-10481-10791-11271-11613-11722-11806-10772-8681-9054-512-800-1099-1199-1665-1911-2217-2752-2828-3172-3279-3379-3740-4012-4096-4279-4493-4528-4637-6012-6196-6699-6828-6922-6946-7020-7096-7384-7480-7885-8125-8311-8424-8800-8852-9014-9016-9166-9514-9562-9620-9694-9719-9897-9934-10313-10326-10461-10816-10916-10980-11083-11228-11521-11711-11821-12223-9743-9759-4215-6408-2764-210-260-473-723-910-927-1052-1143-1566-1711-1782-1847-2218-2581-2597-2712-2840-3027-3091-3148-3246-3329-3541-3600-3637-3840-4042-4232-4521-4765-4767-5373-5439-5618-5644-5925-6001-6252-6454-6757-7199-7382-7497-7725-7800-8120-8300-8535-9154-9242-9292-9716-10507-10689-10740-10814-10854-10972-11095-11169-11262-11398-11415-11662-11668-11712-11770-4549-5863-9034-9747-10836-65-571-611-633-891-922-955-984-1054-1155-1172-1180-1186-1211-1310-1510-1516-1559-1706-2055-2068-2195-2271-2389-2417-2474-2496-2759-3250-3339-3448-3633-3686-3753-3776-3891-4158-4208-4319-4391-4419-4422-4791-4930-5353-5354-5649-5953-6271-6424-7021-7169-7219-7263-7551-7569-7623-7761-8383-8460-8486-8622-8675-8803-8955-9209-9354-9542-9690-9881-9976-10217-10250-10468-10527-10661-10697-10870-10905-11023-11033-11086-11204-11427-11595-11752-11809-12135-12154-12342-497-616-1367-1886-2531-3242-4694-7045-7565-9111-9171-9691-10023-10448-60-61-106-232-274-333-419-422-430-656-752-791-793-856-934-968-985-1092-1307-1414-1502-1976-2163-2292-2315-2344-2349-2463-2708-2721-2784-2841-3052-3323-3437-3794-3960-4040-4099-4174-4240-4369-4687-4862-5051-5081-5259-5358-5416-5795-5800-5815-5921-5966-6239-6398-6415-6479-6659-6689-6898-6945-6984-7088-7103-7144-7206-7279-7336-7467-7526-7617-8030-8190-8280-8302-8315-8466-8489-8560-8595-8627-8892-8930-9122-9262-9295-9935-9958-10142-10189-10344-10487-10567-10606-10667-10683-10701-10952-10978-11104-11166-11244-11372-11400-11442-11657-11693-11731-11760-11777-11946-12040-12101-12221-12348-8605-2547-3016-4901-8238-10284-10634-149-160-388-476-486-820-1079-1295-1393-1486-1539-1626-1643-1716-1753-1792-2001-2106-2128-2313-2512-2513-2691-2858-2968-3001-3181-3229-3340-3470-3483-3684-3731-3883-3931-4003-4006-4212-4352-4566-4640-4677-5043-5136-5356-5378-5432-5643-5846-6035-6111-6230-6638-6679-7086-7113-7231-7322-7612-7663-7689-7986-7989-8450-8465-8634-8695-8722-8810-8983-9084-9176-9550-9589-9687-9776-9826-9858-10008-10222-10227-10265-10302-10366-10537-10589-10726-10967-11273-11319-11468-11505-11546-11552-12128-12161-12340-10332-418-11756-82-561-900-952-971-1148-1205-1229-1517-1564-1646-1888-2101-2117-2192-2199-2453-2481-2552-2579-2649-2664-2827-2913-3225-3895-4231-4238-4306-4401-4406-4684-4725-4799-4949-4963-5030-5304-5369-5448-5461-5529-5632-5639-5691-5716-5741-5771-5909-6075-6099-6107-6483-6586-6653-6688-6742-6778-6809-7100-7172-7349-7578-7715-7762-7945-7990-8082-8182-8216-8254-8638-8881-9081-9097-9327-9412-9549-9580-9734-9993-10004-10119-10188-10396-10815-10821-11138-11260-11365-11408-11791-11841-11871-11897-12041-12206-12208-12213-12246-12271,366-322-163-91-216-150-338-98-196-254-398-212-94-321-269-77-399-410-326-370-367-177-249,104.21739130434783,4.047030406999966
instance_0015,4605-15-32-146-159-232-400-407-439-487-797-866-1098-1284-1319-1336-1572-1591-1601-1674-1810-1816-1823-1845-1850-1963-1974-2021-2027-2071-2092-2268-2312-2730-2739-2787-2887-2936-3102-3111-3186-3187-3320-3388-3431-3434-3456-3568-3699-4058-4128-4166-4183-4260-4306-4314-4324-4414-4430-4453-4539-4576-4692-4713-4820-4918-4928-5021-5042-5325-5548-5574-5605-5662-5767-5851-6091-6148-6329-6380-6545-6827-6880-6894-6923-7117-7292-976-1233-2028-3262-3306-5754-5945-6124-6603-7191-135-153-169-310-326-642-717-799-811-822-870-1012-1027-1029-1043-1435-1442-1468-1492-1597-1744-2682-2970-2977-3136-3567-3876-4195-4403-4429-4450-4531-4547-4572-4618-4825-5009-5015-5241-5254-5659-5853-5863-6223-6395-6571-6650-6778-6845-7208-7212-7260-7289-3826-4005-4111-6265-125-472-521-565-589-1295-1352-1753-1925-2086-2546-3063-3108-3113-3274-3588-3687-4015-4476-4721-4736-5010-5013-5197-5209-5268-6324-6410-6632-6998-7273-1899-3982-13-25-134-205-230-365-443-551-573-602-689-747-951-987-1125-1131-1166-1252-1340-1467-1620-1685-2013-2062-2146-2201-2254-2366-2584-2669-2677-2748-2912-3159-3176-3188-3220-3233-3254-3347-3427-3447-3493-3700-3750-3761-3856-4068-4192-4194-4207-4251-4358-4608-4814-4969-5038-5068-5200-5289-5364-5405-5474-5493-5771-5772-5792-5816-5879-5880-5882-6210-6222-6281-6287-6439-6456-6506-6533-6606-6608-6732-6822-6854-6988-7000-7228-7295-7314-7355-2185-1251-3380-90-6339-161-367-431-438-465-519-636-1310-1496-1546-1827-2090-2203-2500-3377-3443-3676-3939-3941-4002-4156-4182-4625-5034-5072-5418-5665-5854-5866-6008-6120-6564-3417-2402-5153-2963-3591-2149-3411-4907-5420-7107-171-541-786-792-996-1078-1105-1566-1569-1851-1941-1976-2165-2480-2965-3066-3164-3768-4599-4730-4890-5317-5437-5974-6594-4047-4301-4297-33-175-285-286-384-405-1095-1150-1292-1297-1403-1544-1623-1716-1945-1986-2012-2101-2175-2501-2744-2749-2877-3027-3086-3207-3615-3709-3806-3849-4095-4186-4596-4658-4868-5002-5051-5263-5366-5826-6037-6132-6566-6893-7040-7195-7225-63-1777-3460-3877-5463-6558-128-265-267-515-524-531-682-711-992-1028-1065-1139-1613-1648-1761-1891-2033-2249-2588-2598-2645-2646-2975-3067-3300-3672-3760-3778-4032-4066-4150-4334-4496-4740-4948-5004-5014-5143-5149-5196-5233-5356-5374-5386-5462-5544-5612-5760-5856-6229-6580-6949-6950-6975-6997-7013-7032-7152-7239-3116-6951-2788-2869-3435-3593-5601-6938-83-222-229-244-248-268-280-362-364-378-410-450-655-805-1022-1094-1167-1249-1315-1448-1470-1535-1584-1592-1604-1633-1668-1722-1771-1789-1932-2113-2119-2139-2141-2215-2285-2396-2400-2478-2479-2595-2663-2759-2814-2815-2866-2987-3020-3062-3112-3215-3267-3364-3613-3658-3737-3745-3797-3818-3852-3885-3904-4213-4365-4369-4636-4649-4706-4727-4778-4863-4873-5067-5177-5249-5349-5354-5410-5572-5607-5677-5753-5867-6151-6262-6434-6538-6610-6820-6826-6967-7015-7065-7071-7083-7111-7178-7350-4942-709-1158-1596-3357-3704-4164-5593-6437-61-177-201-217-235-644-683-856-908-917-1202-1225-1237-1279-1463-1589-1840-2049-2231-2333-2435-2446-2763-2791-2920-2957-2973-3004-3068-3084-3234-3394-3432-3474-3540-3869-3878-4187-4421-4423-4486-4647-4926-5019-5171-5195-5426-5430-5431-5549-5603-5676-5689-5873-5874-5888-5896-5944-6107-6142-6317-6443-6453-6704-6751-6779-6781-7104-5782-256-415-2790-16-117-122-124-157-174-338-851-895-901-947-1103-1156-1217-1423-1473-1518-1523-1787-2171-2211-2230-2475-2484-2513-2833-3156-3167-3237-3305-3308-3331-3349-3395-3402-3542-3646-3776-3783-3960-4004-4261-4366-4564-4623-4627-5027-5147-5258-5382-5383-5473-5523-5599-5790-5973-6295-6337-6382-6562-6865-6961-7183-7236-7261-1958-562-1780-2342-3720-4118-6636-82-86-494-678-729-780-843-883-918-980-1050-1132-1239-1347-1373-1378-1393-1439-1542-1642-1684-2222-2653-2690-2733-3218-3500-3617-3645-3729-3839-3841-3914-4133-4140-4278-4529-4530-4595-4629-4681-4687-4717-4792-4895-4905-4923-4936-5187-5568-5589-6048-6102-6170-6250-6305-6462-6484-6673-6708-6755-6849-7166-7279-7319-7326,328-291-159-106-206-152-303-114-196-239-361-108-96,70.0,1.9398747179998281
instance_0016,0-26-35-81-130-138-147-152-183-259-260-262-269-310-328-365-393-415-449-459-474-479-513-540-546-566-598-618-636-668-702-741-763-802-820-825-846-849-852-886-893-913-920-923-953-988-1009-1059-1089-1097-548-615-665-781-932-1006-1-12-15-17-24-37-41-53-67-69-71-84-98-107-133-140-144-162-191-202-221-224-238-240-245-268-318-325-333-346-349-350-358-398-532-551-570-575-577-579-585-589-601-642-661-664-677-683-701-720-732-756-764-767-769-779-786-794-798-814-819-823-829-847-863-878-899-914-917-926-941-972-973-977-989-995-1011-1021-1023-1040-1051-1075-1098-2-16-22-25-45-56-65-113-127-128-149-188-189-205-266-311-322-344-381-388-396-425-438-453-458-464-480-486-523-525-556-565-603-607-621-681-700-706-718-774-776-832-850-868-882-922-933-956-957-961-969-979-986-1019-1073-1099-1104-14-42-44-59-63-111-122-123-126-135-154-190-193-198-227-228-236-305-309-313-368-370-376-395-419-424-433-481-482-484-519-527-528-542-582-590-608-630-631-658-696-725-737-742-745-791-816-830-883-912-959-968-1049-1062,71-62-35-18-47,50.0,0.26633534299980965
instance_0017,16-21-60-101-102-109-136-147-148-156-238-239-254-291-304-321-345-392-398-6-34-59-189-219-236-263-294-316-327-342-356-387-403-8-18-26-49-53-58-62-105-106-126-157-171-186-194-203-206-213-214-222-260-262-299-331-358-381-390-410,66-58-32,20.0,0.08412101599969901
instance_0018,409-754-964-1867-2266-2533-43-60-69-206-231-250-275-309-399-428-449-468-487-490-531-554-584-632-641-644-673-804-822-848-1042-1043-1125-1145-1217-1221-1237-1325-1330-1442-1454-1477-1510-1555-1598-1653-1676-1710-1735-1800-1878-1969-2030-2070-2135-2151-2193-2233-2257-2277-2323-2328-2334-2335-2390-2391-2407-2426-2433-2459-2496-2562-2571-2603-2616-2621-2634-2641-2661-2673-2680-61-238-824-866-968-1085-1304-1307-1452-1574-1737-1838-1957-1964-2197-2574-1787-665-2259-114-525-580-614-1215-1253-1297-1446-2066-2373-2654-17-18-38-63-65-95-110-159-162-175-198-207-225-227-283-299-304-337-338-357-375-377-380-398-403-436-462-465-476-520-523-535-595-612-637-706-710-765-782-783-802-834-840-868-873-905-922-940-960-1021-1064-1077-1080-1198-1226-1278-1306-1343-1374-1392-1420-1453-1457-1472-1527-1532-1544-1546-1579-1590-1605-1609-1621-1655-1656-1667-1690-1700-1752-1850-1955-2004-2083-2116-2130-2195-2302-2343-2349-2418-2423-2447-2449-2456-2474-2515-2520-2525-2538-2569-2573-2586-2588-2601-2604-2610-2664-722-271-1266-1994-2018-2140-2234-158-211-326-342-353-396-400-421-583-600-606-656-696-805-862-947-959-963-1024-1027-1079-1097-1190-1273-1276-1316-1354-1393-1501-1502-1511-1520-1573-1619-1636-1694-1712-1745-1765-1768-1819-1859-1914-2168-2217-2223-2247-2344-2361-2458-2488-2541-2570-2583-2632-2677-1135-2549-1715-2271-2560-5-147-177-189-272-281-343-374-395-424-425-474-527-571-590-605-622-638-707-731-764-768-800-844-899-900-912-915-919-967-993-1065-1112-1169-1205-1289-1310-1311-1322-1347-1362-1377-1390-1463-1464-1560-1629-1738-1932-1940-1959-2005-2043-2165-2172-2214-2237-2304-2380-2442-2492-2553-2636-932-1204-411-1597-1704-2537-4-35-45-116-141-143-165-172-190-248-277-280-329-330-370-389-407-415-455-472-484-575-603-640-657-686-692-695-727-830-910-918-984-1033-1051-1132-1175-1180-1188-1233-1336-1363-1382-1395-1424-1448-1617-1635-1637-1643-1751-1822-1852-1861-1897-2048-2096-2125-2146-2147-2181-2246-2292-2329-2399-2401-2413-2540-19-956-345-1537-1707-55-75-91-149-150-188-236-313-386-392-419-427-444-489-516-545-573-628-663-711-729-803-813-886-901-914-923-962-979-985-1040-1068-1082-1220-1261-1272-1371-1402-1416-1479-1507-1549-1626-1634-1659-1688-1708-1770-1831-1840-1877-1967-1975-2027-2076-2180-2186-2199-2228-2249-2258-2269-2345-2429-2437-2460-2524-2580-2627-2678,73-66-37-28-49-39-70,80.42857142857143,0.5831024719996094
instance_0019,1722-723-836-867-1251-1345-1605-1667-1823-2110-2199-2214-13-20-34-59-79-87-138-140-152-166-179-185-213-229-231-285-303-309-319-326-343-366-431-432-438-465-476-478-512-531-543-549-554-557-558-565-607-631-684-691-710-721-722-724-757-807-825-848-857-974-984-989-1035-1037-1042-1049-1066-1084-1099-1126-1169-1172-1178-1196-1311-1356-1377-1395-1402-1431-1444-1491-1495-1512-1517-1556-1587-1591-1663-1664-1682-1688-1708-1737-1766-1778-1830-1839-1883-1917-1924-1967-2001-2005-2016-2019-2042-2060-2066-2079-2086-2100-2116-2134-2140-2178-2218-2238-2246-1183-18-39-637-1586-1829-2250-32-42-45-172-214-248-281-392-447-485-527-703-708-844-918-960-1052-1062-1076-1106-1128-1156-1162-1280-1298-1320-1358-1386-1400-1590-1728-1730-1735-1746-1761-2028-2049-2107-2191-1459-1828-130-154-390-1398-1420-1704-5-117-123-148-162-168-198-208-215-240-246-251-316-317-318-334-355-401-408-410-495-499-501-509-569-570-586-591-608-638-642-671-675-698-713-750-775-779-786-800-801-816-818-829-833-847-851-862-924-935-970-990-1020-1059-1078-1133-1151-1159-1191-1200-1202-1271-1277-1319-1439-1441-1488-1508-1611-1645-1648-1650-1681-1835-1836-1885-1923-1931-1946-1974-1977-1981-1983-1989-1990-2000-2058-2095-2117-2128-2129-2138-2158-2165-2175-2177-2212-2234-53-178-587-24-257-360-634-903-1102-1381-2208-54-64-86-100-107-144-201-206-218-232-253-261-273-282-286-296-321-341-352-356-357-359-364-386-427-446-449-471-472-534-547-592-620-630-633-659-673-707-729-736-740-756-813-814-877-896-899-909-912-957-1013-1023-1024-1029-1090-1123-1124-1181-1182-1193-1201-1210-1225-1275-1287-1309-1315-1316-1317-1318-1322-1340-1351-1367-1410-1458-1470-1484-1496-1503-1514-1584-1595-1600-1609-1631-1646-1647-1651-1759-1775-1831-1851-1867-1874-1898-1947-1993-2004-2007-2017-2059-2064-2091-2099-2103-2148-2161-2189-2192-2239-2243-2255,111-95-52-37,111.25,0.503537999999935
instance_0020,2-1,4,5.0,0.00012187599986646092
