instance_0001,26-2-33-6-39-56-29-13-19-23-42-55-11,98-43-99-50-57-15-54-95-35-26-14-97,3.5833333333333335,0.10244908100014527
instance_0003,72-32-46-62-11-63-4-9-29-47-3-19,56-86-16-93-46-91-102-51-63,5.444444444444445,0.11839728100005686
instance_0004,8,27-54-58-75-90-7-10-70-33-32,0.6,0.08743679999997767
instance_0005,1426-612-554-1997-1718-1434-968-2216-234-1113-1897-2071-2290-204-330-519-656-888-1036-1206-1294-1484-1505-1681-1712-2333-2416-5-104-1127-303-774-812-1245-1265-2480-1779-2041-807-1475-1221-1816-1047-532-923-315-956-1565-2226-2502-2513-468-98-175-1811-213-1562-2079-2473-551-613-625-777-804-1112-1130-1570-1714-1860-2124-2365-2366-2369-2521-2529-135-352-514-577-638-655-673-867-1177-1374-1435-1448-1584-1596-1767-1773-1855-1868-1869-2007-2051-2095-2108-2275-2335-2381-2447-2460-2550-2569-2586-2448-2418-809-147-870-1360-2143-2265-257-121-776-1353-1515-1703-1764-2241-2499-2516-2090-2542-2269-494-145-292-1850-2304-1140-1342-1376-1469-1655-1822-2060-1709-2323-1018-2505-641-649-1710-8-26-660-741-1098-2148-541-2057-414-1236-1720-1050-1229-1369-1456-2419-2601-646-826-2153-736-2567-766-1463-1656-2295-2430-240-653-672-932-1230-1308-1458-1465-1628-1650-1694-2561-1846-633-1246-940-1485-1494-1783-1834-2332-2386-151-483-629-819-880-990-1028-1089-1226-1400-1528-1544-1585-2120-2423-2522-2588-105-122-197-337-354-360-378-450-668-996-1143-1208-1343-1445-1602-1696-1843-2045-2094-2287-2292-2294-2417-2455-2490-2494-2495-2612-761-422-478-2565-1288-144-406-2164-1141-1723-2544-579-698-1891-1049-1759-1847-1893-53-1192-1688-1744-2286-2515-1550-212-1101-1398-1922-1925-1934-2181-2250-35-510-703-1016-1019-1555-1600-2062-2607-1247-228-2232-590-1174-873-1477-1280-332-428-617-1266-1441-1464-1492-1760-1910-2307-2388-138-392-1012-1924-2215-2532-1520-295-1793-869-186-493-955-1228-1470-1453-2200-2327-1795-2482-768-961-2556-169-490-2488-2589-163-465-998-1320-1350-1970-2543-225-559-679-1253-1461-1537-1732-2039-2115-2117-2214-57-125-238-385-432-460-472-680-713-725-749-864-1258-1592-1627-1677-1856-1877-1892-1959-1965-2049-2259-2343-2395-2436-2507-93-124-142-146-190-429-441-453-477-552-652-690-744-920-928-953-1063-1088-1102-1107-1109-1306-1314-1322-1331-1414-1460-1582-1613-1663-1743-1810-1832-1858-1908-2012-2128-2176-2361-2394-2469-2512-143-781-1357-1416-1926-1581-1607-2397-241-503-685-846-1321-1786-2066-2132-2206-2500-397-401-420-853-1183-1199-1334-1534-1685-1871-2591-30-44-126-328-357-583-708-764-893-901-910-1149-1254-1409-1411-1418-1717-1777-1849-1984-2338-1099-244-326-796-1704-872-993-1706-1987-2296-783-1402-2518-2590-1263-1307-1482-1972-52-165-336-631-738-962-1061-1740-1466-2399-456-1421-365-861-1742-2466-714-1794-2255-2485-297-1062-1159-1207-1396-1988-2271-119-140-291-363-364-787-825-876-957-975-997-1248-1643-1649-1731-1733-1808-1994-2144-2145-2514-178-219-311-859-1093-1153-1163-1344-1449-1500-1736-2373-2510-2575-245-268-709-1096-2312-68-1002-1202-1564-1842-2075-198-239-359-884-1178-1622-1887-1907-2203-2276-171-230-248-263-446-521-626-661-1034-1139-1278-1419-1499-1513-1589-1788-1929-1992-2218-2309-2313-2422-83-133-155-267-376-499-572-594-813-1121-1137-1146-1190-1346-1399-1739-1939-1993-2205-2230-2285-2403-2412-2465-1530-191-2614-2461-599-895-542-1661-349-393-843-1383-1552-1974-201-1741-1784-2125-618-2531-2559-934-2267-509-1249-557-2475-252-2042-1181-487-2563-371-707-412-1186-1575-440-482-508-515-1519-1594-1803-497-715-720-2037-2046-2326-2526-275-350-484-489-670-1239-1412-1516-1889-2155-2173-2511-14-602-1659-1442-2337-2533-2237-2474-1686-817-280-1215-712-1854-1938-2506-531-644,99-43-52-72-96-127-129-80-156-71-69-123-131-46-51-68-134-7-146-112-110-5-23-56-157-32,122.34615384615384,1.7422465729999885
instance_0006,1815-3373-4985-7540-1996-6894-9534-3216-4943-7325-8014-8532-10114-1493-3418-4709-5601-5925-5947-6041-9484-9753-10011-13-59-97-133-185-359-468-558-592-628-748-768-810-983-1002-1043-1075-1176-1297-1315-1356-1502-1647-1662-1685-1826-1906-2542-2638-2682-2738-2741-2881-2969-2991-3116-3131-3133-3151-3171-3240-3262-3276-3445-3556-3600-3699-3772-3773-3782-3882-4009-4032-4033-4105-4329-4366-4385-4416-4493-4750-4756-5084-5136-5255-5257-5302-5404-5522-5615-5666-5792-5793-5868-5929-5992-6046-6192-6314-6422-6429-6453-6467-6500-6596-6612-6702-6713-6722-6891-7156-7177-7302-7407-7476-7854-7919-8005-8088-8281-8283-8335-8420-8488-8521-8547-8577-8642-8690-8740-8795-8855-8959-9018-9021-9029-9066-9188-9345-9513-9519-9623-9630-9639-9645-9665-9701-9703-9920-9985-9996-10044-10094-10105-10227-10298-10301-1616-5104-7572-671-1559-2019-9299-750-1178-1804-1844-1995-2213-7434-9174-9507-10208-74-335-440-698-1105-1706-1745-1799-1928-2917-3242-3257-4028-4553-4705-4814-5000-6024-6168-6282-6479-7355-7487-7671-7691-8506-9212-9504-9739-9968-10019-10193-10199-7-51-60-71-125-162-172-192-202-228-279-283-297-303-306-314-354-358-389-437-438-447-455-467-502-506-561-585-588-635-662-700-702-708-726-727-801-936-963-972-985-1008-1013-1034-1047-1050-1063-1077-1092-1112-1140-1170-1179-1220-1226-1238-1243-1276-1280-1301-1341-1399-1405-1451-1461-1463-1498-1536-1675-1697-1725-1733-1741-1749-1766-1810-1818-1852-1877-1902-1930-1977-2001-2030-2034-2046-2051-2054-2070-2086-2106-2133-2147-2164-2185-2221-2307-2388-2460-2532-2561-2574-2594-2599-2647-2653-2679-2764-2795-2821-2854-2879-2919-2981-2996-3003-3004-3090-3109-3110-3119-3121-3147-3156-3162-3241-3273-3307-3319-3377-3415-3430-3478-3565-3638-3642-3659-3685-3695-3698-3703-3744-3746-3748-3814-3865-3878-3965-4000-4006-4059-4136-4139-4155-4168-4176-4199-4234-4238-4254-4258-4298-4316-4321-4403-4536-4577-4610-4623-4716-4719-4786-4791-4809-5003-5028-5110-5129-5175-5176-5186-5199-5291-5322-5330-5337-5425-5442-5474-5532-5574-5579-5596-5637-5639-5715-5727-5742-5781-5828-5879-5880-5968-6029-6036-6084-6187-6226-6233-6249-6261-6273-6286-6301-6342-6348-6354-6372-6380-6398-6418-6440-6460-6468-6499-6521-6588-6609-6642-6695-6723-6755-6784-6813-6822-6826-6847-6895-6902-6974-7004-7015-7018-7044-7054-7160-7186-7217-7218-7287-7306-7354-7375-7383-7409-7447-7467-7530-7580-7615-7629-7652-7666-7673-7711-7721-7864-7928-7941-7942-7981-8013-8177-8181-8285-8323-8347-8400-8481-8561-8565-8578-8618-8631-8668-8759-8772-8783-8906-8909-8961-8992-9005-9019-9031-9059-9070-9108-9135-9139-9143-9213-9354-9421-9431-9452-9464-9475-9517-9533-9539-9580-9612-9749-9976-9978-10036-10055-10099-10126-10248-10300-10309-10335-9216-1409-167-6262-1099-3637-5502-6566-8201-2716-3083-4178-6737-6782-7839-1991-2385-2699-6662-8071-144-1969-4056-4467-8655-9321-36-806-1268-1371-1820-1990-2279-2703-2997-3502-3955-4338-4860-5158-5673-5840-5882-6538-7330-7335-7724-7925-7946-8077-8555-8641-9867-8-30-93-95-101-120-176-312-352-430-434-442-499-513-562-613-625-643-664-673-732-738-849-857-867-902-937-951-962-1019-1038-1121-1193-1253-1295-1299-1403-1471-1499-1525-1534-1544-1639-1673-1705-1757-1794-1866-1879-1908-1938-1999-2041-2042-2071-2098-2155-2204-2222-2267-2270-2283-2408-2485-2493-2509-2522-2536-2554-2563-2567-2608-2632-2635-2689-2705-2711-2753-2770-2772-2801-2811-2831-2868-2952-2961-2979-3047-3072-3097-3098-3154-3170-3195-3380-3383-3394-3494-3497-3610-3612-3660-3675-3717-3719-3736-3771-3817-3826-3829-3914-3937-3950-3967-4034-4038-4045-4073-4074-4095-4148-4197-4210-4269-4306-4324-4326-4387-4454-4468-4565-4609-4671-4686-4696-4706-4772-4780-4857-4884-4892-4913-4914-4952-4979-4989-5021-5072-5107-5151-5161-5261-5328-5351-5359-5365-5389-5390-5633-5648-5704-5718-5755-5768-5830-5873-5921-5944-5949-5957-5990-6009-6042-6059-6090-6130-6225-6254-6315-6336-6419-6427-6443-6457-6558-6629-6667-6673-6763-6830-6842-6882-6918-6952-6973-7000-7009-7042-7065-7074-7075-7098-7123-7134-7162-7176-7204-7280-7303-7384-7393-7508-7545-7770-7810-7812-7858-7868-8019-8029-8039-8073-8076-8090-8137-8156-8159-8186-8257-8325-8334-8368-8372-8459-8582-8615-8662-8762-8811-8872-8933-8957-8958-9076-9098-9131-9132-9162-9167-9172-9191-9210-9223-9303-9336-9357-9372-9387-9457-9488-9548-9550-9555-9567-9576-9592-9617-9628-9674-9700-9728-9731-9779-9807-9825-9910-9928-9953-9990-10028-10112-10128,57-164-45,381.6666666666667,2.287242226999979
instance_0007,32-3077-4838-383-413-1081-3666-4686-4824-7567-364-1117-1387-1736-1777-2108-2121-2857-2866-3588-3826-5011-5140-5506-5922-6316-6659-7336-33-40-55-91-120-158-182-192-225-242-258-303-396-415-425-429-440-445-549-586-607-639-683-699-704-739-747-784-788-798-812-852-893-954-964-971-1034-1045-1056-1069-1079-1132-1133-1242-1250-1312-1414-1462-1468-1473-1478-1488-1502-1544-1545-1547-1576-1586-1609-1655-1679-1681-1688-1693-1697-1724-1743-1746-1800-1818-1831-1836-1858-1861-1870-1887-1934-1988-1993-2009-2010-2031-2064-2079-2125-2219-2224-2258-2260-2263-2277-2288-2298-2307-2311-2316-2323-2351-2370-2375-2390-2395-2406-2417-2423-2438-2480-2491-2505-2540-2566-2618-2620-2625-2641-2670-2783-2791-2816-2819-2881-2887-2912-2921-2952-2995-3025-3058-3081-3160-3171-3259-3265-3285-3324-3355-3363-3394-3420-3506-3526-3554-3591-3644-3647-3659-3665-3699-3704-3728-3860-3870-3877-3883-3956-3999-4029-4068-4081-4134-4157-4179-4189-4230-4243-4245-4254-4258-4326-4379-4419-4440-4452-4515-4553-4572-4576-4591-4601-4608-4651-4688-4778-4795-4844-4946-4950-4957-4962-4976-4983-4993-4994-5004-5063-5076-5105-5150-5156-5167-5177-5180-5201-5217-5219-5222-5231-5264-5275-5325-5327-5399-5401-5405-5419-5430-5439-5513-5553-5561-5609-5659-5669-5689-5692-5760-5761-5768-5794-5805-5835-5846-5906-5928-5961-5977-6014-6070-6076-6078-6081-6087-6095-6100-6111-6154-6209-6217-6227-6293-6313-6348-6351-6455-6481-6482-6538-6546-6584-6669-6700-6701-6742-6788-6799-6818-6821-6846-6848-6851-6895-6901-6913-6942-6945-6959-7014-7025-7051-7067-7093-7104-7119-7181-7204-7218-7259-7270-7291-7298-7319-7332-7384-7386-7404-7473-7487-7552-7572-7576-7581-7599-7618-7665-7668-7672-7673-7699-7739-7775-7838-7911-7941-7953-8035-8048-8059-8092-8157-8162-8164-8179-8183-8185-8258-8275-8288-8294-8233-750-6414-6502-4777-5282-7171-849-1720-3681-3761-6204-6487-6976-7478-58-692-969-1066-1425-1787-1925-3719-3866-4738-4845-5333-5719-6215-7792-8171-29-34-62-80-102-152-288-297-298-308-319-325-363-431-438-460-471-472-528-575-595-603-682-790-817-854-897-932-960-963-966-1019-1070-1071-1103-1144-1155-1163-1164-1207-1256-1272-1299-1307-1350-1352-1371-1406-1463-1654-1680-1690-1811-1825-1891-1955-1959-1983-2191-2196-2211-2212-2283-2292-2296-2314-2355-2430-2531-2631-2644-2678-2709-2801-2832-2839-2860-2925-2968-2996-3117-3184-3190-3213-3304-3328-3377-3499-3545-3590-3612-3624-3648-3656-3669-3716-3763-3791-3812-3818-3824-3835-3917-3936-3948-3950-3967-3976-3977-4018-4020-4025-4154-4166-4232-4246-4281-4383-4404-4414-4486-4567-4613-4679-4722-4793-4847-4871-4915-4931-4985-5003-5013-5033-5042-5074-5127-5265-5285-5299-5334-5339-5341-5345-5409-5423-5491-5650-5673-5712-5756-5850-5854-5860-5896-5913-5930-5938-5991-6033-6098-6120-6207-6212-6249-6346-6408-6413-6496-6535-6568-6630-6810-6878-6882-6990-7102-7127-7138-7152-7160-7166-7186-7300-7312-7358-7365-7470-7498-7522-7536-7543-7679-7681-7798-7818-7857-7867-7897-8054-8204-8236-8289-8290-1077-2198-5438-8228-5124-5006-6692-7349-1361-2014-2877-5904-5941-1096-1619-3286-3442-3811-6572-7704-326-711-1311-1417-1766-1807-2653-3352-3508-3519-5103-5790-6071-6177-6564-6771-6783-6870-6884-6963-7659-7741-7846-8152-0-8-24-71-110-134-141-146-185-211-213-269-352-400-483-496-514-516-519-532-555-587-610-631-632-634-635-648-681-687-701-706-744-751-761-846-856-909-974-991-1033-1041-1068-1074-1161-1172-1175-1214-1291-1389-1455-1483-1521-1615-1663-1731-1738-1765-1776-1791-1809-1823-1828-1871-1873-1888-1919-1964-1994-2024-2032-2046-2074-2085-2104-2156-2159-2168-2170-2264-2285-2294-2409-2419-2524-2576-2607-2610-2611-2613-2617-2667-2674-2680-2781-2799-2855-3001-3017-3022-3066-3105-3133-3204-3263-3338-3356-3384-3407-3445-3462-3471-3501-3504-3531-3559-3630-3705-3887-3890-3910-3916-3923-3944-3952-3958-3973-3992-4049-4079-4100-4123-4188-4215-4301-4348-4359-4434-4495-4511-4551-4647-4731-4744-4770-4775-4836-4910-4943-4967-4969-5080-5097-5141-5245-5320-5326-5348-5349-5391-5400-5413-5500-5568-5615-5630-5786-5787-5789-5867-6062-6116-6142-6151-6222-6239-6269-6272-6330-6341-6363-6431-6449-6458-6464-6475-6524-6548-6558-6592-6644-6665-6779-6784-6790-6830-6836-6844-6953-6967-6992-6998-7000-7033-7036-7053-7122-7125-7190-7213-7216-7389-7430-7463-7548-7564-7625-7633-7663-7746-7842-7845-7847-7892-7901-7907-7916-7931-7935-7959-7966-8012-8057-8076-8106-8118-8139-8150-8153-8177-8188-8220-8230-7109-3418-4165-4022-6389-2003-6656-6761-7607-791-1415-2302-2692-3516-4823-4863-5066-6748-7584-8013-54-128-214-230-280-313-426-497-592-618-688-827-839-887-983-1018-1244-1362-1471-1486-1533-1550-1725-1737-1803-1905-2051-2167-2185-2186-2282-2295-2313-2392-2422-2483-2544-2721-2827-2848-2940-2945-3019-3037-3092-3247-3399-3497-3518-3694-3738-3789-3837-3859-3889-4070-4071-4213-4257-4262-4267-4396-4528-4806-5111-5191-5261-5372-5392-5442-5456-5466-5519-5576-5634-5697-5698-5766-5813-5923-5935-5957-6096-6112-6140-6248-6277-6338-6436-6495-6928-6940-7005-7026-7032-7041-7355-7378-7677-7718-7827-7862-7944-8110-8119-8209-8264-8305-4341-2055-11-2539-5667-7118-8038-2169-4535-5838-6941-8058-1303-1877-3863-4192-4255-4546-4557-4990-5426-6128-6304-6360-6501-6578-7693-7794-88-221-224-236-251-290-318-408-428-510-521-531-606-641-660-661-776-777-802-842-885-902-918-999-1028-1042-1097-1125-1153-1212-1322-1351-1354-1357-1390-1410-1431-1454-1629-1657-1692-1701-1977-1978-2027-2054-2164-2330-2353-2455-2729-2733-2773-2779-2828-2850-2876-2922-2943-3113-3139-3217-3280-3372-3421-3460-3641-3649-3662-3712-3733-3849-3879-3896-3903-3926-3934-4056-4073-4268-4336-4389-4400-4429-4458-4493-4509-4513-4527-4531-4575-4625-4689-4695-4729-4755-4767-4813-4831-4840-4942-4944-5067-5091-5099-5119-5229-5276-5353-5403-5421-5425-5432-5478-5600-5617-5660-5699-5780-5782-5812-5893-5946-5953-5983-6053-6089-6106-6240-6374-6411-6412-6473-6504-6575-6589-6633-6676-6695-6703-6814-6841-6866-7007-7039-7077-7173-7184-7202-7210-7255-7261-7289-7297-7328-7387-7481-7490-7521-7542-7848-7864-7918-7993-8082-8085-8104-8129-8173-8180-8210-8213-8251-8297,41-0-163-121-89,306.0,1.7104198260000203
instance_0008,225-558-753-8-1911-1081-1132-1742-327-2126-944-850-29-963-1708-2002-713-1022-1463-1855-2183-178-1773-12-1788-2001-251-793-37-776-804-847-2111-1849-371-1304-1072-1500-2124-2154-1539-1710-268-1168-745-1084-1728-1379-1-321-387-988-1142-1215-33-79-279-294-665-841-1251-1325-1438-1597-1743-1755-1850-949-1398-1957-313-329-1699-414-1760-1979-2131-1922-375-424-808-880-936-1575-390-1658-392-848-46-356-542-958-1882-1917-451-787-536-973-2004-818-1169-630-1127-552-797-1020-507-1534-2104-1078-1327-1308-1713-1636-1083-1812-502-1920-1115-1839-1831-402-426-1270-24-58-568-777-1462-4-401-1823-2082-2173-133-475-592-814-950-1175-1362-1519-1880-2123-196-821-1109-1273-1432-1584-1592-1672-1757-1793-1803-1980-2109-450-2162-1283-62-1704-2063-18-394-1297-200-614-1657-1797-0-1546-236-273-580-1813-1914-1171-1285-1415-2044-287-353-606-764-1086-1576-2149-1662-706-367-669-1679-2031-1518-1944-247-2012-430-1105-1341-1866-937-1024-1205-1080-1668-316-881-946-1130-1381-1467-1738-1990-2108-2-1965-344-407-1229-740-416-1200-1232-1057-1414-1545-2179-782-1092-97-100-1011-1512-1639-1219-1320-1521-204-1466-1557-1700-1732-2092-113-219-311-360-498-1007-1390-1663-1633-1051-71-456-342-1002-1162-1173-132-232-250-701-834-985-1769-2089-896-125-1133-2122-256-129-317-91-1502-1707-151-1601-176-320-382-572-979-1165-1413-14-72-231-828-1041-1354-1369-1544-2152-562-684-1281-1380-1440-1522-1858-1863-1918-1966-2043-1948-1682-747-1949-517-617-534-1550-1591-15-626-1074-31-174-194-389-482-576-810-1096-1305-1339-1343-1599-341-506-917-1018-1211-1771-2094-224-914-1637-306-1154-1377-733-1817-1942-415-551-643-705-754-938-2041-2139-2153-2181-6-67-380-431-660-789-1454-1589-2156-308-555-1465-1868-1891-63-1565-817-813-1829-323-915-1731-1896-7-203-1532-759-845-1226-1794-1912-608-682-1000-519-648-1060-1137-1234-1396-1725-2062-65-694-222-213-763-1527-335-131-569-1101-775-925-535-637-185-110-1425-711-448-1423-165-737-1476-1869-77-1719-1495-297-895-1756-1933-1934-421-805-60-1191-1892-702-1431-2164,114-72-57-138-59-153-136-6-19-158-32-81-98-73-35-18-84-15-60-121-122-96-4-125-132-99,105.1923076923077,1.3711524400000599
instance_0009,36-17-1-39-9-68-24-64-19-5-2-46,159-87-142-180-31-7-280-80-104-32-105-287-69-303-296-168-138-279-0-50-124-235-269-70-4-78-219-262-216-252-79-37-48-266-89,1.4857142857142858,0.07433525900000859
instance_0010,1409-372-818-1276-154-463-95-132-852-1162-387-869-1357-356-598-876-1264-1406-332-997-679-39-238-1521-221-1361-671-1268-430-689-1053-1315-517-167-787-1149-1313-1344-1535-983-588-1327-1142-978-1001-1362-302-962-218-764-1102-260-192-798-1060-1254-1035-1159-973-521-856-1040-1090-851-69-321-809-1242-1076-1422-1423-1463-214-680-985-1182-266-905-1229-564-1077-1131-460-961-970-400-590-1326-1350-354-575-863-1101-1324-394-783-1011-1221-550-408-338-1006-384-936-1418-227-150-188-439-1168-691-1074-210-1495-295-873-882-1113-1320-398-807-1075-1181-1502-705-757-1573-1204-542-1080-1430-215-1208-158-776-849-1514-1310-1284-1424-141-1342-283-320-1111-1360-1413-893-1343-1474-773-289-586-772-1411-953-932-1144-61-1494-390-317-623-624-1225-1334-178-515-1547-722-1120-190-401-630-475-1021-1347-1251-1203-121-1296-1410-437-14-79-198-254-696-1339,333-92-203-89-179-359-104-380-44-361-42-221-211-53-358-156-2-233-374-144-250-202-300-252-153-327-35-188-340-305-244-137-111-349-296-323-294-231-288-46-3-204-78-273-265-114-100-171-33-163-21-63-164-174-16-45-68-20-115-134-158-268-125,8.634920634920634,0.8801328010000589
instance_0011,970-54-57-520-292-309-754-627-507-112-79-111-469-491-768-774-264-947-653-699-217-385-352-354-32-177-218-443-992-558-934-347-513-869-1020-393-480-677-818-552-208-50-134-712-860-126-487-37-828-849-759-30-716-738-651-368-538-468-0-476-171-148-283-971-338-484-140-524-952-802-1-394-399-191-614-871-99-243-231-429-1005-326-376-883-160-130-527-88-284-916-939-262-804-355-1007-824-742-66-302-39-378-184-922-877-833-153-571-598-472-238-315-259-924-221-897-732-776-143-282-703-812-375-237-531-576-120-314-436-572-634-892,63-76-220-43-137-179-155-199-287-99-90-67-295-115-332-12-259-39-160-151-191-127-215-14-290-348-333-69-123-306-213-44-22-246-148-157-303-237-338-280-291-169-241-202-82-310-66-103-20-138-21-30-116-159-264-278-146-261-34-248-173-109,6.403225806451613,0.8096841190000532
instance_0012,89-25-26-116-81-119-56-5-51-123,84-102-75-330-144-182-104-23-250-31-83-151-171-301-205-69-177-64-227,2.3684210526315788,0.09674696100000801
instance_0013,314-98-169-273-516-943-1092-1138-1752-1774-1879-2109-2879-3088-3235-3511-3553-3765-4078-4354-4712-4738-4923-5051-5219-5882-6065-7559-7577-7925-7944-8205-8327-4779-5489-6949-4186-3091-773-1661-6833-33-41-1007-1155-1213-1265-1603-1877-1977-2107-2281-2778-3383-3608-3832-3835-3938-4205-4226-4325-4458-4497-4605-4650-5245-5415-5482-5549-6612-6705-6967-7421-7542-7581-7641-7854-7926-7931-7947-8066-8090-8290-8301-8319-1478-1870-5977-6518-157-204-218-222-249-394-445-603-624-969-1067-1114-1121-1151-1269-1399-1684-1722-1835-1853-1856-2092-2461-2770-3026-3164-3269-3288-3403-3405-3409-3436-3478-3495-3587-3615-3656-3681-3898-3946-4153-4183-4211-4276-4495-4622-4771-4904-4920-5146-5200-5264-5277-5413-5539-5642-5691-5705-5732-5736-5757-5979-6305-6336-6348-6438-6541-6560-6583-6655-6696-6871-7023-7114-7184-7280-7357-7478-7756-7801-7932-8007-8095-8113-1228-795-4094-4882-7785-3742-824-836-1658-6230-5113-6050-6062-6072-6080-7796-2-40-305-1226-1403-1525-1638-1657-1966-2019-2478-2570-2726-2875-3070-3467-3631-4689-4725-5143-5215-5261-5272-5297-5327-5372-6686-6913-7298-7433-7778-8009-8292-7546-324-413-717-781-1057-2149-2389-2513-2684-3504-3867-4218-4326-4547-4564-4787-5218-5997-6298-6604-6609-6995-7076-7834-8155-2398-4378-7644-672-983-3250-281-307-478-488-504-519-568-593-680-940-1103-1273-1369-1479-1727-1731-1961-1992-2112-2394-2663-2720-2829-3127-3242-3432-3584-3692-3918-4029-4034-4199-4438-4483-4519-5221-5392-5658-5857-5973-6212-6347-6362-6800-7355-7517-7688-7757-7822-8175-8262-8284-7305-2857-6859-6919-10-102-162-214-248-268-550-692-786-882-970-1022-1091-1275-1325-1488-1725-1848-1983-2090-2235-2298-2348-2357-2410-2435-2564-2619-2642-2763-2777-2808-2816-2886-2961-3010-3233-3329-3340-3345-3415-3445-3572-3779-3791-3891-3926-3950-3972-4390-4652-4810-4989-5089-5374-5412-5444-5496-5680-5693-5712-6024-6321-6343-6485-6616-6656-6691-6719-6734-6763-7032-7108-7201-7229-7268-7284-7292-7452-7620-7820-8014-8076-8126-866-1297-5241-6492-7406-283-541-674-767-915-1173-1209-1527-1833-1971-1987-2003-2510-2630-2760-2802-2901-3111-3220-3637-3725-4536-4541-4666-4834-5140-5175-5243-5323-5971-6197-6562-6580-6627-7127-8054-2144-6470-7152-617-1220-1613-3939-6778-194-373-384-430-502-858-896-914-1193-1227-1283-1391-1467-1504-1509-1551-1600-1714-1782-1889-1937-2025-2217-2380-2537-2539-2686-2699-2891-2904-3106-3605-4039-4063-4086-4158-4178-4323-4432-4435-4456-4510-4562-4846-4931-5105-5176-5350-5463-5485-5689-5835-5969-5995-6103-6280-6309-6342-6435-6473-6606-6661-7017-7174-7223-7265-7481-7895-7930-8020-8052-8167-8234-8307-2531-6821-7216-598-1038-2436-2948-4328-5120-5751-6009-7010-7294-7303-8163-3361-7739-212-400-411-522-811-999-1030-1496-1515-1716-1769-1837-1989-2132-2137-2317-2330-2358-2546-2689-2881-2960-3006-3099-3333-3548-3568-3610-3611-3704-3815-3816-3879-3894-4109-4115-4122-4576-4833-4854-4900-5020-5302-5406-5562-5584-5676-6073-6349-6525-6851-6852-6865-6987-7003-7073-7122-7187-7349-7359-8064-8101-8114-8160-8173-8239-8274-8314-5744-2120-5394-142-200-301-666-784-987-1324-1465-1824-1928-2193-2202-2291-2327-2395-2437-2535-2874-2990-3303-3389-3417-3735-4051-4099-4258-4411-4775-5033-5256-5293-5334-5403-5434-5487-5514-5610-5650-5806-5921-6292-6340-6365-6750-7177-7307-7321-7393-7491-7554-7601-7635-7640-7680-7864-8044-8143-8241-322-2954-4230-5257-1651-4559-8240-64-68-186-269-329-420-435-669-885-1164-1252-1440-1510-1583-1713-1929-2078-2337-2442-2464-2599-2610-3016-3021-3090-3226-3334-3356-3428-3534-3570-3593-3717-3873-3881-3923-4112-4221-4454-4570-4893-5002-5088-5362-5375-5455-5646-5716-5819-5884-6167-6379-6676-6762-6809-7028-7099-7142-7151-7257-7345-7394-7395-7472-7494-7799-7840-7943-8074-8123-8211-8250-911-2517-20-143-235-520-609-1214-1244-2111-2211-2544-2582-4239-5426-6014-6189-6266-6314-6411-6926-7082-7083-7131-7214-8174-8215-8261-38-70-71-232-406-431-533-595-748-829-883-928-935-939-1076-1222-1245-1316-1346-1398-1474-1493-1502-1538-1612-1730-1780-1896-1930-2042-2210-2273-2345-2470-2502-2529-2635-2648-2822-2907-2941-3019-3068-3360-3369-3470-3512-3537-3578-3592-3699-3741-3755-3833-3854-4033-4061-4079-4143-4146-4367-4557-4625-4770-4918-4967-4972-5070-5138-5401-5469-5531-5616-5768-5808-5845-5894-5928-5978-6040-6111-6134-6422-6639-6665-6670-6675-6798-6812-6870-6902-6907-6997-7133-7291-7322-7453-7455-7463-7553-7815-7898-7909-7938-7942-8011-8016-8031-8084-8297-8318-5172-128-879-1564-1580-1739-2253-2730-2925-3077-3225-3421-3904-3999-4543-4672-5060-5813-5970-6264-6641-6843-6861-6904-7027-8214-8259-6301-7975-3007-1212-6275-86-119-203-298-422-740-828-1530-1806-1828-1874-2038-2566-2885-2911-2942-3181-3246-3339-3349-3711-3818-4038-4089-4318-4320-4321-4369-4561-4579-4887-5165-5174-5213-5262-5593-5627-5834-5878-6162-6337-6419-6795-7139-7263-7287-7331-7492-7555-7629-7666-7687-7691-7737-7838-8107-8142-8195-8199-8224-5612-7086-100-223-354-473-693-1086-1571-1893-1963-2031-2297-2396-2506-2528-2651-2710-2805-3132-3174-3184-3479-3535-3842-3936-4407-4521-4643-4795-4849-4976-5248-5368-5782-5784-5801-6033-6042-6179-6283-6666-6804-7315-7392-7403-7477-7621-7825-7954-8019-8078-8298-8300-8308-8370-4472-742-1655-1941-3500-4020-4116-4678-4748-5729-6808-7991-8309-1794-2791-3886-4420-4847-7702-7855-23-42-375-664-724-1049-1123-1279-1758-1858-1940-2649-2677-2715-2872-2957-3314-3437-3731-4215-4515-4706-4941-4988-5635-6352-6510-6954-7353-7417-7758-8115-8136-8146-8324-2697-3255-535-1650-2706-1044-2185-3390-3346-4630-6-357-644-710-712-733-774-859-966-1036-1110-1224-1345-1426-1481-1757-1993-2061-2079-2387-2521-2597-2647-2714-2959-2985-3152-3175-3256-3311-3521-3555-3678-3679-3716-3794-3801-3895-4065-4133-4206-4352-4353-4485-4637-4724-4902-4922-4924-5074-5102-5186-5268-5355-5725-5767-6318-6521-6603-6663-6673-6780-7004-7019-7053-7103-7209-7261-7278-7354-7550-7639-7896-7971-8029-8131-8267-8349-3756-5385-6599-7097-130-257-479-517-584-610-631-837-1021-1051-1079-1157-1240-1329-1534-1595-1695-1715-1720-1826-1906-2267-2320-2344-2375-2665-2798-2827-2944-3015-3095-3350-3382-3453-3519-3733-3954-4102-4296-4345-4482-4500-5066-5217-5227-5236-5376-5492-5587-5657-5671-5723-5812-5876-6000-6153-6251-6315-6459-6502-6579-6630-6883-6890-6911-7308-7502-7572-7607-7759-7918-7974-8176-8328-8363-1338-7486-2449-6524-45-108-287-437-604-629-630-1050-1216-1732-2191-2547-2589-2841-2870-2887-3218-3282-3392-3482-3800-3817-3840-3978-4252-4260-4338-4859-5286-5552-5555-5618-5885-6036-6331-6679-6983-7107-7208-7222-7243-7252-7427-8004-8291-8313,130-67-229-77-140-401-365-362-294-387-350-268-50-248-20-217-339-107-150-100-281-52-97-74-314-93-287,57.370370370370374,2.6881447490000028
instance_0014,2770-5887-5387-5878-8887-283-289-537-941-1007-1244-1377-1432-1445-1568-1630-1701-1916-1922-2056-2100-2203-2288-2401-2985-3274-3279-3362-3621-3696-3768-3867-3882-3884-4143-4197-4329-4477-4569-4594-4657-5293-5536-5642-5701-5851-5963-6101-6285-6303-6570-6601-6708-6761-6826-6828-7019-7546-7566-7583-7661-7755-7787-7828-8085-8250-8440-8792-8814-8910-9022-9251-9343-9479-9490-9515-9539-9668-9736-9928-10467-10536-10728-10784-11024-11213-11358-11387-11409-11484-11841-8264-2839-2918-2965-5623-7586-9162-9616-10441-11514-11529-58-95-524-597-649-671-699-835-878-973-978-1104-1258-1260-1348-1403-1421-1474-1733-1766-1856-1887-2168-2258-2328-2515-2542-2603-2643-2867-3220-3251-3565-3643-3679-3719-3735-3825-3962-3988-4188-4196-4616-4909-4927-4959-4969-5322-5458-5511-5625-5935-6086-6158-6306-6578-6674-6750-6902-7074-7175-7282-7297-7413-7854-8292-8338-8591-8676-8725-8759-8954-8995-9072-9165-9472-9834-10166-10534-10855-10901-11011-11150-11320-11469-11545-11804-11874-11970-12115-10318-9641-14-598-5556-9171-61-106-306-321-398-441-533-702-865-898-928-1048-1065-1450-1559-1667-1673-1900-1976-2057-2344-2743-3056-3159-3387-3409-3430-3555-3976-4028-4064-4173-4682-4962-5274-5337-5423-5683-5807-5925-6034-6183-6212-6233-6344-6370-6467-6984-6989-7044-7102-7126-7182-7188-7256-7371-7526-7561-7587-8069-8138-8157-8179-8489-8516-8852-9098-9139-9196-9620-9716-9963-9974-10107-10263-10545-10902-11461-11475-11516-11587-11642-11737-12047-12281-12302-11876-9743-9759-10223-10454-7964-4215-10381-10375-9117-7057-7307-6-89-755-1560-1894-2396-2524-2585-2629-2889-3229-3290-3760-3838-4042-4166-4194-4305-4610-4621-4876-4980-5618-5859-6119-6128-6185-6521-6835-7267-7451-7497-7548-7780-8121-8395-8665-8825-8905-8935-9024-9046-9082-9228-9645-10719-11012-11051-11184-11668-12007-6200-2272-2233-2874-8497-8426-10656-1051-1064-1124-3287-5501-6341-6354-9399-137-364-370-518-557-747-1098-1321-1435-1597-2162-2238-2387-2406-2497-2844-2888-3071-3131-3311-3335-3502-3755-3819-3941-3946-4965-5145-5438-5608-5638-5651-5666-5757-5874-5920-5926-6022-6055-6140-6444-6515-6645-6683-6692-7002-7257-7444-7607-7720-7728-7793-7939-8114-8140-8221-8313-8445-8532-8578-8669-8815-8945-9058-9075-9177-9250-9390-9421-9478-9724-9835-10343-10361-10574-10637-11723-11746-11853-11860-12338-10736-7993-3288-4586-5754-5924-5551-5923-6921-7045-7502-8238-10725-11-123-136-143-251-379-397-405-464-492-576-774-907-935-985-1037-1062-1081-1103-1405-1410-1539-1579-1618-1620-1720-1774-1957-2047-2143-2194-2259-2324-2342-2390-2407-2459-2482-2522-2599-2637-2678-2722-2789-2792-2930-2936-2942-3023-3077-3237-3295-3297-3307-3422-3468-3510-3542-3589-3617-3730-3929-4178-4243-4269-4289-4386-4401-4405-4483-4528-4546-4566-4651-4675-4698-4702-4732-4820-4858-4867-4883-5010-5141-5310-5410-5441-5471-5474-5526-5759-5786-5862-5879-5957-5964-5977-5985-6102-6245-6350-6376-6393-6427-6627-6676-6770-6814-6816-6837-6915-7053-7190-7374-7466-7621-7633-7655-7699-7885-7933-7960-7994-8095-8142-8350-8385-8460-8473-8528-8577-8598-8599-8695-8700-8724-8745-8805-8849-8892-8918-8952-8982-9030-9045-9210-9327-9366-9410-9412-9497-9618-9628-9646-9674-9740-9808-9881-9942-10026-10103-10119-10126-10162-10328-10449-10524-10538-10602-10674-10686-10789-10817-10967-11076-11203-11207-11229-11256-11282-11293-11307-11653-11740-11776-11801-11974-12044-12079-12104-12128-12142-12218-12369-12378-8927-995-7350-288-732-1120-1641-1804-2090-2303-2430-3053-3063-3890-4454-4488-5427-5788-5821-5824-5883-5996-6730-6894-7140-7392-7448-7682-7727-7799-7815-7847-8590-8642-9968-10353-10601-10979-10984-10053-11172-1134-9904-109-567-640-811-1543-2003-2576-4157-4747-5712-5898-7711-7712-8104-8271-8480-8811-8964-9047-9445-9504-10712-10923-11345-12124-12291-894-5324-9034-76-353-393-554-570-589-785-939-1016-1077-1155-1160-1324-1357-1392-1470-1492-1714-1935-2013-2178-2204-2247-2297-2446-2475-2529-2627-2812-3074-3150-3302-3309-3442-3464-3515-3580-3599-3626-3737-3757-4041-4176-4190-4609-4634-4678-4942-5009-5065-5084-5094-5172-5394-5478-5509-5555-5767-5922-6002-6019-6092-6180-6181-6231-6268-6695-7359-7459-7536-7773-7840-7865-7911-7935-8102-8566-8692-8839-8912-8943-9015-9044-9105-9110-9156-9350-9661-9665-9796-9859-9875-9957-10009-10099-10124-10238-10269-10278-10501-10530-10544-10665-10820-10877-11042-11179-11383-11392-11788-11789-11811-11880-11886-11907-11980-12027-12131-4901-9686-146-262-365-583-588-796-960-1030-1193-1346-1417-1584-1664-1679-2224-2351-2381-2443-2471-2495-2539-2648-2923-3030-3050-3113-3221-3525-3528-3622-3732-3868-3936-4089-4174-4278-4287-4334-4389-4411-4771-4797-5163-5286-5431-5632-6561-6767-7051-7112-7121-7468-7521-7818-8009-8346-8386-8443-8500-8781-8791-9021-9186-9272-9297-9330-9439-9784-10047-10247-10270-10420-10427-10839-11216-11335-11509-11630-11846-12036-12092-308-8152-418-1299-8813-114-266-274-275-290-366-423-429-494-547-581-688-713-744-784-791-842-952-1424-1601-1623-1706-1763-1776-1846-1901-1947-1963-2027-2111-2127-2264-2265-2323-2336-2441-2513-2544-2609-2729-2827-2875-2894-2960-2968-3342-3438-3496-3508-3743-3912-3972-4006-4024-4067-4136-4141-4283-4426-4463-4491-4548-4624-4875-4917-4948-4958-4987-5224-5259-5299-5315-5342-5451-5671-5733-5795-6156-6257-6259-6360-6488-6518-6715-6799-6808-7287-7290-7764-7832-7868-7882-7891-7953-7973-8005-8082-8147-8192-8257-8563-8573-8938-8955-9068-9130-9187-9220-9296-9605-9610-9698-9792-9849-9986-10101-10122-10156-10255-10532-10697-10834-10916-11006-11062-11083-11089-11093-11094-11211-11223-11338-11364-11521-11538-11573-11593-11770-12349-180-1245-1655-2946-3473-3608-3708-4801-4816-7311-8068-15-71-131-149-320-330-375-452-596-782-1063-1158-1266-1513-1590-1649-1663-1809-1889-1918-1964-2072-2192-2543-2769-2777-3020-3097-3142-3225-3488-3491-3586-3598-3924-4003-4048-4125-4224-4274-4433-4665-4723-4997-5252-5848-5880-6237-6311-6363-6387-6398-6407-6461-6470-6546-6565-6589-6593-6713-6716-6856-6864-6941-7146-7465-7612-7681-7742-7743-7887-7948-7990-8060-8062-8115-8400-8465-8478-8593-8721-8749-8828-8829-8948-9143-9200-9307-9480-9575-9664-9672-9706-9770-10555-10581-10621-10803-10896-10904-10917-10978-11279-11565-11720-11848-11871-11971-12208-12251-12377-6023-3552-4191-9337-12341-75-198-210-337-381-489-579-710-772-793-861-976-1072-1101-1115-1166-1176-1216-1330-1345-1351-1380-1386-1542-1571-1843-2059-2131-2335-2408-2737-2821-2834-2908-2937-3014-3027-3042-3186-3269-3519-3531-3534-3592-3641-3660-3883-3960-4265-4286-4452-4457-4502-4515-4753-4788-4807-4808-4810-4861-5000-5027-5089-5128-5357-5434-5459-5477-5488-5512-5690-6032-6068-6270-6273-6391-6413-6420-6594-6632-6740-6763-6787-6979-7095-7159-7186-7196-7276-7397-7671-7963-8012-8045-8731-8739-8932-9502-9542-9559-9587-9732-10183-10285-10329-10410-10458-10663-10792-10856-10878-11098-11306-11350-11463-11495-11546-11621-11730-11764-12011-12016-12112-12193-12305-12309-1691-5723-333-335-382-498-787-938-1197-1384-1444-1562-1654-1698-2465-2492-2774-2882-3301-3364-3429-3437-3761-4241-4421-4562-4749-4769-5005-5127-5884-5960-6081-6169-6216-6293-6818-6854-6968-7129-7172-7398-7841-7998-8015-8241-8543-8772-8844-8875-8906-8915-8947-9617-9640-9961-10356-10762-10966-11000-11552-11671-11707-11873-11896-11987-12046-12150-931-2428-2640-4108-4525-5554-6218-9868-10016-10957-47-281-459-476-624-879-956-968-1018-1083-1217-1239-1338-1626-1873-1888-2171-2359-2460-2556-2662-2841-2858-2863-2900-3039-3054-3067-3103-3132-3263-3323-3332-3754-3794-3901-3992-4043-4133-4134-4328-4406-4429-4543-4602-4750-4893-4939-5053-5072-5159-5265-5297-5313-5365-5468-5568-5583-5679-5685-5763-5770-5800-6026-6177-6372-6379-6482-6506-6586-6587-6592-6766-6831-6867-6940-7067-7133-7209-7270-7409-7557-7574-7614-7691-7702-7719-7928-7932-8284-8373-8633-8863-9095-9373-9466-9550-9557-9580-9906-9927-9930-10076-10200-10297-10475-10569-10726-10754-10850-10882-10885-10954-10955-10968-10971-10980-10987-11041-11204-11219-11576-11585-11672-11691-11729-11733-11809-11884-12127-12154-12176-11935-1554-5249-5502-5863-7220-7709-9750-25-68-194-354-467-670-813-904-912-955-1095-1100-1179-1284-1335-1488-1495-1605-1681-1703-1716-1926-1979-2103-2210-2252-2329-2337-2925-3098-3104-3120-3317-3481-3625-3712-3806-3834-4059-4099-4100-4216-4349-4353-4384-4418-4581-4658-4703-4847-5006-5011-5069-5151-5185-5257-5354-5421-5596-5735-6099-6136-6141-6159-6240-6265-6277-6405-6581-6596-6794-6824-6834-7043-7269-7300-7778-7813-7877-8061-8198-8237-8287-8367-8422-8511-8567-8765-8778-8866-8871-8934-8975-9039-9172-9288-9332-9391-9514-9516-9804-9831-9843-9878-9913-9966-10115-10135-10379-10455-10533-11004-11054-11109-11164-11349-11362-11528-11598-11688-11706-11715-11755-11891-11904-11923-11933-11945-12135-12147-12246-12371-8319-267-2510-3958-10106-119-249-260-396-462-964-1060-1276-1334-1549-1575-1677-2016-2311-2321-2415-2712-2801-3013-3439-3668-3814-3844-3904-4356-4363-4434-4633-4727-4848-4900-5045-5580-5771-5804-5989-6266-6315-6439-6483-6759-7104-7610-7784-8072-8269-8850-8962-8976-9169-9231-10428-10500-11049-11262-11660-11711-2531-3569-4786-5234-9933-10403-50-55-409-410-650-801-876-929-946-1099-1182-1416-1457-1815-2006-2083-2085-2464-2623-2742-2828-3052-3069-3171-3200-3213-3298-3348-3379-3448-4007-4137-4145-4341-4628-5525-5607-5697-6064-6085-6230-6646-6660-7015-7218-7678-7753-8332-8800-9020-9080-9209-9236-9505-9566-9581-9816-10097-10265-10364-10414-10425-10462-10599-10808-10906-11434-11582-12063-12354,226-265-113-410-205-338-76-97-240-364-82-274-279-361-257-384-350-51-277,106.0,4.313533219000078
instance_0015,409-6383-24-54-338-527-647-750-805-889-899-1076-1095-1114-1416-1452-1554-1638-1657-2013-2026-2063-2252-2436-2442-2446-2868-3147-3419-3505-3602-3658-4117-4254-4258-4348-4880-5089-5090-5386-5393-5833-6013-6087-6114-6394-6523-6840-7013-7108-7179-7228-7317-7343-7350-6308-2790-145-167-198-386-469-669-1167-1431-1480-1653-1822-1986-2010-2018-2117-2289-2296-2309-2366-2400-2414-2781-2835-2891-3072-3100-3159-3341-3487-3567-3587-3722-3731-3733-3746-4021-4207-4213-4356-4374-4405-4491-4530-4650-5156-5180-5343-5402-5417-5604-5618-5677-5801-5859-5890-5953-6001-6038-6125-6130-6447-6506-6739-6755-6820-6832-6876-6897-7248-7289-7309-5594-694-3262-3720-6559-7270-135-139-446-603-678-745-1070-1096-1148-1217-1239-1309-1391-1426-1583-1633-1744-1761-1811-1840-2049-2183-2234-2437-2530-2670-2736-2767-3017-3020-3267-3326-3471-3603-3615-3666-3852-3878-4231-4467-4500-4542-4629-4799-5050-5103-5120-5127-5133-5150-5155-5222-5319-5384-5495-5501-5775-5881-5893-5997-6100-6109-6462-6540-6660-6778-6819-6841-6858-6877-6900-7004-7081-7097-7178-7275-7276-7337-4605-15-32-146-159-232-400-407-439-487-797-866-1098-1284-1319-1336-1572-1591-1601-1674-1810-1816-1823-1845-1850-1963-1974-2021-2027-2071-2092-2268-2312-2730-2739-2787-2887-2936-3102-3111-3186-3187-3320-3388-3431-3434-3456-3568-3699-4058-4128-4166-4183-4260-4306-4314-4324-4414-4430-4453-4539-4576-4692-4713-4820-4918-4928-5021-5042-5325-5548-5574-5605-5662-5767-5851-6091-6148-6329-6380-6545-6827-6880-6894-6923-7117-7292-6116-2149-3826-4005-5545-6339-6450-7107-100-101-472-589-658-792-795-1036-1109-1183-1310-1651-1673-1753-1756-1851-1863-1941-2107-2236-2281-2293-2566-2844-3054-3080-3377-3588-3676-3687-3710-4110-4135-4156-4736-4997-5034-5264-5692-5866-5974-6120-6350-6534-6863-6919-6984-7214-5348-1605-2247-2869-2939-4145-20-126-291-294-360-700-711-717-741-807-811-896-991-1028-1052-1094-1351-1429-1442-1486-1584-1648-1677-1987-2033-2119-2285-2311-2343-2387-2439-2484-2515-2542-2623-2626-2681-2839-2873-2970-2987-3008-3025-3095-3098-3291-3308-3536-3691-3774-3845-3904-3978-3980-4074-4529-4541-4583-4636-4657-4720-4810-4908-5028-5067-5177-5356-5503-5573-5702-5721-5867-5904-6048-6077-6137-6149-6195-6198-6325-6348-6363-6711-6781-6800-6817-6890-6921-6997-7211-7222-7225-7365-4942-709-1158-1596-3357-3704-4164-5593-6437-61-153-177-201-217-235-644-683-856-908-917-1202-1225-1237-1279-1463-1589-2231-2333-2435-2588-2763-2791-2920-2957-2973-3004-3068-3084-3234-3394-3432-3474-3540-3869-4187-4421-4423-4486-4647-4926-5019-5171-5195-5426-5430-5431-5462-5549-5603-5676-5689-5873-5874-5888-5896-5944-6107-6142-6317-6443-6453-6650-6704-6751-6779-7104-7152,332-289-147-328-302-315-361,84.14285714285714,1.9887351970000964
instance_0016,20-138-141-201-259-449-474-777-846-861-886-913-1023-16-24-40-61-63-107-144-191-210-267-302-340-398-420-518-551-598-603-605-627-649-788-813-817-825-838-929-933-983-84-289-337-495-522-570-681-700-764-851-866-899-920-921-931-955-1051-1089-0-19-38-39-59-116-136-245-257-275-342-386-392-435-444-445-453-464-475-479-492-511-512-519-540-558-564-575-595-618-644-669-721-723-750-759-778-808-868-872-891-893-914-928-958-1008-1028-1062-1076-1097-13-23-81-97-100-103-161-177-218-290-331-379-394-419-451-455-521-535-542-577-588-589-612-664-674-697-720-763-766-776-787-823-849-875-897-945-973-995-1011-1046-1070-1075-6-12-28-34-41-69-71-92-135-145-159-189-190-226-228-258-325-348-350-377-387-410-425-446-457-460-532-534-544-545-582-591-601-607-635-699-736-745-747-824-843-853-870-883-889-910-915-917-923-959-965-966-1000-1019-1024-1068-1074-1098-1100-14-22-87-221-233-266-315-329-346-372-374-375-409-427-481-482-486-539-549-553-571-574-678-715-727-741-742-748-753-786-809-816-882-892-894-924-948-952-960-978-994-1072-1085-53-126-127-147-193-209-220-231-235-244-262-264-291-310-326-353-432-488-527-562-563-653-667-688-694-729-730-754-772-814-873-898-954-972-985-1005-1014-1081,34-75-52-56-22-1-6-48,36.5,0.2790204670000094
instance_0017,6-21-50-85-97-100-109-129-132-151-157-160-216-238-305-308-321-323-335-345-356-372-16-49-59-62-102-111-117-124-135-136-147-153-194-213-215-268-278-281-293-313-380-381-383-386-388-406-18-19-26-33-56-70-114-131-138-150-167-168-185-200-205-318-320-359-376-384-390-407-409-43-96-106-110-126-128-141-154-166-171-188-208-217-220-222-234-239-253-254-299-304-309-326-350-366-398,35-48-11-43,24.25,0.10457490099997813
instance_0018,932-103-1297-1807-5-17-44-60-109-151-158-173-326-357-395-450-455-465-479-548-610-637-651-676-794-813-833-835-843-891-990-1003-1004-1005-1049-1051-1081-1096-1132-1158-1220-1228-1237-1246-1271-1397-1404-1419-1428-1491-1512-1549-1552-1577-1589-1623-1641-1659-1676-1705-1709-1724-1732-1751-1761-1766-1773-1794-1797-1813-1825-1828-1859-1862-1873-1889-1901-1970-1976-1997-2047-2095-2145-2159-2160-2173-2210-2231-2315-2423-2467-2488-2506-2515-2522-2539-2569-2584-2620-2665-2673-2549-1266-1321-1798-1867-1994-56-238-273-303-371-443-495-500-622-636-660-726-801-808-935-968-995-1048-1111-1117-1214-1318-1437-1462-1465-1485-1587-1697-1781-1795-1838-2146-2223-2246-2351-2429-2574-2647-722-271-2018-2140-2234-2266-211-275-309-342-353-396-400-421-583-600-606-612-656-696-782-805-862-866-873-947-959-960-963-1024-1027-1079-1097-1190-1273-1276-1316-1354-1393-1452-1501-1502-1520-1573-1579-1619-1636-1694-1712-1745-1765-1768-1819-1914-2135-2168-2217-2247-2302-2344-2361-2458-2459-2474-2541-2570-2583-2632-2661-2677-849-2303-2470-409-2219-37-45-57-75-145-231-259-277-281-311-315-375-432-446-474-496-566-585-720-723-790-803-899-936-954-1033-1082-1145-1185-1303-1346-1425-1459-1479-1487-1490-1532-1536-1601-1666-1689-1696-1734-1799-1909-1928-1979-2012-2022-2069-2134-2137-2177-2233-2237-2264-2270-2274-2313-2324-2328-2345-2346-2390-2391-2404-2405-2414-2419-2426-2427-2439-2500-2530-2567-2588-2590-2621-2631-9-10-29-138-156-161-166-202-325-416-452-464-494-524-528-591-593-616-625-674-744-772-810-839-845-893-902-961-1028-1060-1061-1062-1129-1150-1207-1257-1301-1309-1324-1327-1396-1444-1470-1604-1638-1746-1772-1789-1904-1958-2034-2036-2062-2065-2203-2272-2309-2353-2400-2408-2417-2499-2507-2532-2556-2585-2625-2637-2662-2045-983-1006-1245-1853-1930-2478-2533-69-105-110-133-196-201-237-248-358-360-419-430-497-513-516-527-574-586-640-672-686-709-730-738-746-773-802-830-852-940-948-1123-1141-1175-1233-1242-1308-1335-1353-1367-1391-1474-1500-1507-1574-1777-1840-1924-1952-2021-2116-2149-2151-2184-2216-2239-2267-2294-2368-2445-2447-2452-2512-2563-2579-2628-2635-754-964-1348-43-206-250-399-428-449-468-487-490-531-554-584-632-641-644-673-804-822-848-1042-1043-1125-1217-1221-1325-1330-1442-1454-1477-1510-1555-1598-1653-1710-1735-1800-1878-1969-2030-2070-2193-2257-2277-2323-2334-2335-2407-2433-2496-2562-2571-2603-2616-2634-2641-2680-19-260-1204-1978-580-2373-2582-22-50-97-143-163-205-307-313-316-369-384-436-484-517-521-546-572-613-620-634-659-689-690-734-768-863-882-887-997-1002-1037-1057-1065-1077-1189-1191-1249-1359-1412-1448-1453-1463-1568-1590-1640-1684-1691-1703-1883-1932-1948-1973-1986-2126-2132-2308-2342-2599-239-799-362-388-847-2204-73-76-84-92-101-112-126-147-167-194-267-293-425-437-508-542-544-595-642-684-708-729-763-785-787-827-856-864-905-922-1015-1040-1102-1122-1165-1170-1240-1304-1322-1342-1358-1370-1382-1399-1405-1406-1461-1481-1513-1631-1667-1727-1752-1760-1817-1822-1850-1885-1915-1923-1959-2054-2081-2086-2103-2125-2131-2165-2176-2224-2317-2338-2383-2462-2485-2545-2610-2636-2664-1181-956-1135-1215-157-191-212-224-298-305-334-372-373-401-406-458-529-536-663-677-710-711-713-725-776-818-829-912-1007-1050-1136-1142-1152-1169-1173-1209-1234-1247-1260-1298-1305-1306-1365-1372-1403-1471-1472-1514-1544-1547-1560-1566-1588-1594-1611-1617-1674-1770-1785-1818-1856-2185-2215-2238-2283-2297-2363-2369-2424-2465-2524-2576,58-76-28-24-31-64-73-65-55-13,82.0,0.5925351309999769
instance_0019,772-90-152-246-254-262-283-286-322-398-464-483-484-521-546-568-577-624-677-708-710-717-816-825-849-926-957-1113-1162-1175-1207-1239-1294-1299-1315-1316-1322-1394-1404-1455-1469-1523-1547-1580-1631-1788-1834-1871-1886-1899-1931-2004-2007-2075-2130-2153-2210-2218-2220-2246-2252-1007-77-118-127-161-213-277-306-450-494-498-540-554-556-574-575-664-754-823-1103-1114-1463-1484-1503-1556-1559-1611-1675-1700-1713-1756-1761-1784-2136-2195-2197-2247-1459-304-1082-1088-1133-1278-1735-1365-41-62-67-82-182-228-276-320-327-358-380-388-397-411-430-442-474-629-663-667-672-697-768-821-929-967-997-1036-1092-1247-1403-1436-1438-1554-1701-1723-1837-1935-1994-1998-2036-2186-2193-1054-718-1345-29-40-43-47-89-101-103-160-188-190-237-247-279-297-340-351-407-419-425-455-503-602-604-613-632-645-674-748-871-893-894-945-955-958-1039-1060-1083-1192-1205-1217-1257-1269-1274-1346-1352-1363-1411-1437-1462-1476-1622-1627-1672-1729-1742-1749-1771-1781-1789-1838-1839-1887-1893-1905-2003-2035-2043-2057-2116-2187-2194-2228-2236-1722-723-836-867-1251-1605-1667-1823-2110-2199-2214-13-20-34-59-79-87-138-140-166-179-185-229-231-285-303-309-319-326-343-366-431-432-438-465-476-478-512-531-543-549-557-558-565-607-631-684-691-721-722-724-757-807-848-857-974-984-989-1035-1037-1042-1049-1066-1084-1099-1126-1169-1172-1178-1196-1311-1356-1377-1395-1402-1431-1444-1491-1495-1512-1517-1587-1591-1663-1664-1682-1688-1708-1737-1766-1778-1830-1883-1917-1924-1967-2001-2005-2016-2019-2042-2060-2066-2079-2086-2100-2134-2140-2178-2238-409-1246-2078-634-903-1577-1704-1955-16-36-42-65-85-149-162-222-238-251-260-264-308-321-350-359-392-458-495-497-527-534-555-611-638-682-696-741-742-750-817-886-889-936-954-961-962-992-1013-1016-1020-1062-1065-1087-1098-1119-1125-1127-1146-1167-1184-1189-1191-1202-1230-1253-1297-1334-1340-1358-1362-1367-1368-1468-1566-1568-1609-1681-1689-1716-1739-1818-1820-1851-1868-1872-1943-1983-2062-2063-2068-2070-2087-2189-2191-2205-2209-2227-2234,24-66-46-127-11-111-61,67.0,0.520949162000079
