instance_0001,60-7-39-56-41-57-26-33-32-44-40-53-2-19-23-11,54-71-50-6-35-67-15-78-32-87-95-52-99-97,4.857142857142857,0.002288745999976527
instance_0002,6,30,1.0,0.00040078999995785125
instance_0003,32-46-62-8-30-41-29-20-61-54-63-4-9-81-25-13-64-45-80-72-10-44-66-53-57-47-28,93-5-83-45-100-86-88-70-46-39-24-35-20-10-112-98-102-56-12-61-108-0-16-43-80,4.12,0.004639653000026556
instance_0004,12,33-54-88-27,1.75,0.0008081080000010843
instance_0005,1430-741-1098-245-16-714-1811-359-968-1485-1887-2117-2276-140-777-1001-1113-1398-1808-1959-1992-2313-2317-2365-83-135-337-572-577-594-652-655-673-813-910-953-1121-1137-1146-1177-1190-1294-1374-1445-1810-1939-2007-2176-2275-2333-2394-2412-2416-2465-2561-1357-175-1607-1178-2132-57-119-238-291-385-397-401-446-1685-1733-1871-2071-2343-133-328-708-893-901-1149-1254-1409-1435-1448-1696-1712-1849-1855-1984-2051-2095-2205-2285-2335-2057-2553-880-1317-1353-1692-1703-2217-2265-1426-612-1130-826-1221-2354-736-2567-766-1463-1656-2295-2430-155-240-315-653-672-932-1230-1308-1458-1465-1628-1650-2311-2502-554-2488-2589-998-1002-2397-559-1159-1253-1622-2039-263-363-420-713-749-1513-1592-1627-1965-2120-2395-2436-30-44-190-330-352-357-378-429-441-477-514-552-583-656-690-920-928-996-1063-1088-1102-1306-1314-1331-1346-1602-1613-1663-1681-1739-1743-1832-1868-2012-2128-2361-2512-2550-494-2448-2466-1024-1688-1796-2047-2250-255-651-751-776-1342-1638-2148-2312-2418-235-593-5-104-212-251-801-852-856-1101-1444-1958-121-229-338-748-774-1694-2060-2460-2534-2601-2187-2524-2056-1661-159-201-1916-43-739-1340-2475-2041-2563-1816-371-707-412-1186-144-332-440-508-515-846-1391-1594-1760-138-715-720-2046-2326-2544-165-169-253-275-350-484-489-670-738-1239-1516-2155-2511-1611-176-292-2153-1583-1640-1653-1127-1934-303-360-812-859-956-1245-1515-2305-2342-2480-2123-649-79-628-772-1135-1456-1617-2331-2599-2269-271-2075-2471-679-1370-1907-2437-309-1850-8-26-565-870-1360-2143-2106-320-2498-50-1660-260-1405-1547-1574-1577-1764-2299-2541-2015-2096-1264-246-42-145-659-733-2377-689-1069-1567-390-516-780-1244-1376-1555-1571-1600-1667-1771-1935-2017-2384-31-272-1018-1423-1974-2104-503-1100-1988-613-745-1385-1503-1570-1994-2282-2591-146-799-1036-1189-1460-1505-1698-2319-2455-2520-2586-883-166-97-476-1489-257-491-912-1304-1338-53-1066-1092-1518-1605-1654-2181-2453-149-208-279-373-506-522-1256-1510-1619-1858-2413-2444-2499-807-2109-2042-848-186-2548-1987-1280-1266-1464-1482-336-962-1061-2513-143-465-539-2142-740-68-674-855-1552-1728-2328-2339-316-341-473-564-607-884-904-1007-1658-2473-2516-289-294-851-1089-1139-1199-1278-1291-1400-1502-1534-1677-1731-1788-1892-2124-2218-2227-2514-122-126-131-214-535-694-867-1107-1220-1322-1377-1399-1500-1642-1843-1844-2094-2231-2403-1466-423-797-181-268-1096-2028-781-1826-1840-356-1142-1202-1564-1581-2543-2624-225-241-823-940-994-1321-1461-1521-1537-1637-1786-1803-2079-2214-2315-125-147-171-432-460-483-618-625-661-853-864-876-923-967-1112-1134-1714-1860-1877-2037-2290-2369-2427-2507-2521-2526-93-638-647-744-764-1143-1206-1545-1582-1584-1655-1717-1767-1773-1797-1869-2230-2381-2447-2569-434-1328-1005-1260-705-988-1246-2001-2485-198-239-482-684-730-1494-1732-1834-2066-2115-2206-2216-2332-2386-2500-230-472-626-629-662-819-990-1028-1034-1226-1499-1528-1585-1825-1929-2049-2309-2522-2588-124-142-267-376-450-453-567-668-942-1109-1343-1411-1414-1484-1596-2045-2287-2292-2294-2338-2417-2494-2195-646-228-2474-478-590-2454-1706-955-1048-280-669-223-633-783-1288-492-712-809-1047-1492-1519-1890-2307-2321-2506-1666-52-1138-2226-2532,34-23-112-55-41-99-123-146-95-90-20-157-52-147-127-6-39-73-78-110-57-96-131-32,107.91666666666667,0.1247533939999812
instance_0006,1409-1629-614-3917-5953-7728-8163-9308-9439-223-2213-4525-440-698-705-806-1105-1206-2917-2997-3286-3326-3479-3747-3955-5673-5819-6199-6282-7330-8094-8756-9771-10019-10234-31-51-59-64-98-100-125-162-185-214-297-303-319-330-354-358-359-389-397-408-449-479-506-527-561-562-586-588-592-635-644-662-708-795-811-816-927-936-937-944-952-982-986-998-1008-1040-1045-1071-1092-1242-1356-1366-1414-1459-1471-1495-1573-1586-1619-1663-1697-1699-1713-1728-1743-1757-1766-1788-1810-1834-1878-1902-1903-1930-1939-2001-2028-2064-2089-2092-2183-2203-2214-2283-2307-2384-2460-2496-2501-2504-2508-2594-2632-2638-2647-2653-2679-2682-2710-2720-2724-2732-2746-2764-2766-2782-2801-2821-2863-2879-2881-2969-3029-3045-3047-3063-3102-3110-3121-3123-3133-3206-3274-3304-3319-3331-3337-3365-3439-3475-3511-3555-3642-3704-3782-3878-3918-3921-3942-3949-4002-4020-4047-4065-4124-4195-4210-4223-4275-4326-4388-4494-4496-4543-4623-4654-4658-4682-4756-4764-4772-4786-4829-4884-4909-4950-4971-4994-5049-5093-5100-5103-5110-5199-5201-5211-5253-5261-5378-5426-5492-5553-5557-5600-5619-5694-5704-5721-5727-5735-5742-5815-5880-5924-5945-6009-6046-6055-6080-6180-6220-6254-6261-6323-6325-6337-6342-6439-6440-6482-6499-6521-6677-6868-6939-6971-7037-7065-7168-7216-7218-7233-7287-7362-7391-7530-7580-7652-7681-7696-7709-7721-7762-7770-7796-7799-7838-7864-7965-7992-8013-8048-8068-8105-8150-8294-8314-8372-8517-8559-8594-8632-8658-8733-8772-8804-8838-8851-8900-8916-8977-8991-9071-9105-9111-9139-9162-9177-9277-9409-9440-9469-9475-9505-9683-9712-9729-9817-9865-9909-9951-9976-10040-10063-10099-10128-10134-10165-10238-10248-10272-10289-10299-10321-10331-9216-4876-167-8630-933-3373-3637-4816-6517-6566-6999-4178-6171-6955-10326-1756-1991-1996-4622-9037-9534-9802-489-2902-3101-3708-4467-5412-8532-9832-36-232-338-656-730-934-1268-1817-2268-2547-2933-2968-3093-3378-4379-5274-5547-5754-6538-7498-7510-7724-7953-8001-8077-8472-8534-8641-8790-9217-9569-9860-10046-11-29-70-72-77-96-112-129-157-166-203-230-246-269-278-323-343-364-387-412-417-438-454-472-480-499-530-537-570-585-610-624-628-660-664-679-703-768-791-888-897-962-963-964-984-1013-1093-1122-1220-1231-1280-1344-1411-1421-1427-1435-1441-1486-1503-1532-1539-1575-1590-1732-1749-1764-1769-1812-1837-1841-1855-1871-1954-2003-2037-2068-2096-2109-2116-2140-2151-2175-2206-2237-2272-2326-2344-2375-2402-2408-2410-2441-2524-2553-2555-2561-2581-2599-2669-2689-2700-2711-2733-2752-2794-2796-2831-2847-2852-2912-2927-2952-2961-2983-2996-3076-3094-3113-3119-3137-3143-3273-3298-3345-3372-3422-3425-3480-3481-3485-3560-3612-3669-3677-3683-3698-3709-3717-3746-3748-3800-3818-3831-3836-3892-3936-3937-4029-4034-4082-4108-4132-4136-4139-4156-4175-4194-4199-4254-4299-4529-4607-4619-4679-4686-4717-4751-4766-4887-4914-4972-4996-5021-5058-5129-5161-5175-5209-5257-5365-5415-5421-5533-5543-5556-5602-5625-5627-5656-5682-5736-5877-5944-5992-6018-6029-6064-6067-6107-6134-6161-6175-6203-6321-6327-6372-6390-6425-6471-6525-6567-6570-6590-6594-6602-6631-6638-6650-6738-6743-6815-6907-6918-6930-6958-6969-7043-7106-7141-7162-7172-7186-7234-7371-7382-7394-7425-7545-7568-7615-7622-7636-7644-7645-7663-7668-7682-7689-7701-7747-7756-7806-7868-7932-7934-7937-7981-8033-8055-8099-8115-8141-8226-8252-8265-8279-8299-8391-8420-8430-8521-8716-8741-8781-8794-8818-8848-8878-8912-8963-9008-9070-9076-9079-9207-9218-9220-9225-9280-9304-9423-9452-9457-9485-9541-9558-9559-9577-9590-9604-9636-9698-9728-9755-9776-9801-9822-9857-9880-9916-10036-10098-10109-10155-10226-10228-10233-10259-10316,138-172,476.0,0.36477382900000066
instance_0007,7757-3788-7094-7570-779-968-1552-1720-3635-4686-7069-629-1512-3487-5765-6659-7003-7600-1-88-97-192-270-290-353-360-433-458-573-576-641-1020-1021-1050-1051-1135-1201-1313-1418-1462-1539-1610-1660-1679-1833-1845-1882-1897-1980-1997-2058-2197-2225-2246-2377-2412-2423-2424-2480-2489-2541-2547-2548-2627-2664-2726-2744-2755-2887-2909-3004-3018-3186-3309-3330-3389-3431-3505-3581-3678-3679-3847-3867-3882-3950-4054-4168-4216-4243-4248-4372-4439-4518-4562-4600-4658-4667-4671-4698-4764-4807-4810-4832-4850-4882-4973-5081-5122-5170-5299-5384-5395-5448-5453-5492-5530-5613-5713-5748-5750-5798-5843-5856-5991-6009-6137-6187-6227-6236-6392-6433-6439-6451-6621-6775-6805-6825-6911-6990-7054-7228-7230-7280-7401-7438-7442-7634-7841-7868-7951-7964-8008-8024-8031-8068-8202-8203-8232-5207-2629-6502-6654-2394-6727-8114-2608-3742-4724-7336-7883-184-205-311-321-491-518-568-589-773-784-805-886-941-1125-1128-1136-1151-1153-1171-1191-1203-1221-1529-1549-1598-1646-1648-1659-1844-1856-1940-1965-2066-2079-2137-2158-2181-2190-2200-2213-2236-2254-2314-2317-2448-2454-2583-2602-2604-2641-2659-2682-2702-2742-2832-2905-2969-3034-3039-3063-3120-3122-3127-3229-3288-3302-3316-3383-3388-3406-3430-3449-3473-3506-3520-3616-3618-3730-3746-3756-3791-3825-3868-3880-3940-4002-4009-4023-4067-4081-4182-4238-4272-4337-4408-4458-4475-4479-4493-4501-4522-4589-4591-4750-4769-4772-4778-4802-4841-4918-4965-4996-5053-5147-5234-5236-5247-5389-5467-5479-5480-5482-5637-5692-5709-5718-5775-5823-5825-5859-5916-5930-5969-5983-5995-6053-6119-6254-6288-6378-6390-6411-6532-6556-6664-6709-6871-6934-6946-6951-6995-7080-7223-7237-7251-7271-7324-7368-7415-7493-7581-7583-7614-7643-7769-7895-7912-7994-8004-8045-8083-8142-8210-8216-8218-8316-7360-3955-8229-3711-4738-6533-6731-202-249-258-295-303-440-453-591-663-796-1006-1106-1237-1250-1356-1359-1414-1493-1576-1595-1612-1735-1746-1800-1826-1863-1890-2045-2083-2087-2139-2444-2618-2630-2981-3121-3241-3386-3441-3485-3554-3571-3607-3644-3659-3704-3809-4133-4137-4139-4280-4305-4581-5093-5105-5113-5487-5498-5595-5604-5889-6076-6081-6095-6146-6167-6197-6291-6345-6356-6408-6427-6493-6503-6545-6584-6754-6903-6908-6968-7001-7269-7473-7599-7717-7776-7968-8019-8026-8028-8092-5548-2992-3470-187-2662-3831-6875-1603-1710-2452-2469-3053-4328-4393-4630-5668-7010-7219-8257-78-153-167-293-566-570-729-1005-1052-1193-1239-1505-2124-2322-2596-2843-2878-4176-4198-5626-6199-6422-6463-6800-6849-6983-7028-7078-7157-7229-7461-7516-7732-7773-8242-8302-23-37-171-183-239-279-344-422-464-468-525-537-596-613-616-617-675-676-785-787-804-822-843-844-848-868-870-905-959-1049-1067-1152-1174-1184-1249-1295-1296-1330-1353-1377-1401-1407-1453-1516-1553-1556-1584-1585-1604-1614-1829-1885-1952-1963-1966-2103-2126-2129-2133-2154-2162-2199-2205-2210-2221-2227-2309-2331-2373-2389-2458-2503-2559-2609-2634-2635-2676-2720-2807-2817-2844-2916-2956-3023-3042-3108-3128-3130-3144-3223-3225-3278-3284-3290-3371-3376-3410-3423-3544-3576-3586-3596-3672-3690-3702-3703-3808-3817-3865-3982-4005-4027-4146-4209-4223-4252-4361-4369-4468-4492-4510-4571-4694-4727-4789-4833-4889-4927-4928-4929-4958-5078-5087-5134-5159-5171-5300-5306-5319-5351-5375-5505-5521-5549-5578-5661-5728-5733-5773-5839-5864-5880-5900-5986-6041-6058-6191-6467-6500-6706-6853-6925-7182-7199-7201-7233-7252-7257-7303-7321-7334-7361-7381-7392-7439-7479-7590-7603-7617-7678-7684-7697-7713-7742-7774-7917-8062-8088-8193-8239-8282-7109-3418-4165-393-3700-4022-7349-945-2057-2936-3901-4197-5941-6767-1029-1096-2363-3442-3811-4888-7704-233-326-563-1417-1673-1807-3181-3207-3792-4196-4756-6071-6193-6783-6884-7031-7659-7741-7846-8152-8174-0-27-51-71-89-121-134-141-143-149-162-185-211-230-352-376-447-483-496-514-516-519-580-587-610-631-632-634-635-637-701-726-735-744-801-821-839-846-856-901-924-991-1000-1030-1036-1041-1074-1138-1156-1161-1172-1175-1228-1233-1275-1291-1323-1456-1483-1571-1684-1738-1755-1764-1765-1791-1809-1879-1888-1935-1942-1971-1994-2015-2030-2032-2046-2061-2185-2186-2264-2279-2305-2352-2379-2487-2494-2499-2512-2524-2558-2568-2576-2607-2611-2619-2656-2669-2674-2680-2721-2735-2762-2799-2869-2982-3002-3092-3133-3177-3209-3216-3263-3356-3472-3501-3504-3525-3537-3540-3726-3729-3769-3781-3838-3854-3887-3890-3910-3923-3957-3959-3973-4049-4100-4123-4188-4215-4266-4301-4375-4416-4428-4456-4495-4511-4580-4647-4659-4700-4715-4728-4731-4747-4816-4922-4943-4953-4969-4979-5008-5097-5111-5141-5258-5312-5320-5337-5348-5385-5396-5400-5411-5463-5500-5512-5568-5591-5615-5630-5640-5682-5778-5785-5786-5789-5867-5907-5966-5972-5974-6023-6037-6062-6142-6151-6222-6241-6245-6311-6363-6436-6458-6655-6752-6779-6784-6817-6830-6836-6844-6924-6953-6967-6992-7005-7033-7143-7338-7407-7413-7446-7564-7642-7648-7666-7689-7746-7782-7788-7866-7892-7916-7931-7955-7959-7966-8012-8014-8049-8057-8076-8093-8116-8118-8139-8177-8184-8255-8264-8304-8305-5292-3961-68-5633-6914-979-6976-8261-235-2466-3224-4532-7756-7978-34-204-215-296-385-396-667-709-719-724-833-985-987-1094-1332-1400-1446-1489-1600-1703-1748-1831-1914-1947-1993-2036-2101-2135-2224-2291-2296-2304-2374-2387-2397-2472-2565-2815-2865-2890-2989-3154-3243-3340-3420-3507-3642-3784-3802-3968-3974-4134-4221-4241-4340-4347-4438-4502-4517-4563-4572-4596-4625-4664-4680-4765-4869-4879-4998-5059-5331-5366-5399-5428-5475-5503-5553-5596-5644-5711-5809-5832-5869-5965-6057-6155-6226-6231-6293-6482-6595-6633-6674-6677-6804-6919-6960-6971-7183-7305-7319-7559-7621-7676-7725-7777-7839-7858-7863-7918-7997-8101-8135-8157-5488-7171-1618-4177-6204-7567-907-969-1303-1736-1777-2866-3337-3582-3866-4175-4526-4546-4987-6010-6578-6620-7876-7982-8285-118-179-182-227-264-297-341-384-438-444-526-531-550-575-595-639-682-683-714-752-793-817-831-885-891-897-918-923-958-961-992-1037-1119-1170-1208-1229-1253-1272-1341-1364-1454-1488-1511-1531-1608-1616-1654-1655-1688-1732-1841-1869-1893-1903-1938-2027-2031-2033-2049-2147-2212-2231-2269-2311-2375-2518-2621-2625-2683-2770-2779-2806-2819-2922-2928-2951-2957-2995-3131-3169-3228-3405-3474-3566-3615-3645-3647-3650-3651-3699-3716-3804-3870-3877-3879-3883-3917-3945-3969-3976-3983-3999-4068-4136-4193-4245-4286-4294-4299-4355-4379-4390-4417-4431-4550-4553-4561-4566-4575-4583-4599-4601-4689-4713-4720-4992-5033-5042-5074-5076-5106-5114-5189-5219-5231-5265-5269-5274-5284-5289-5304-5341-5424-5425-5459-5474-5491-5495-5508-5509-5584-5642-5710-5721-5782-5797-5860-5861-5892-5938-5961-6070-6111-6125-6169-6207-6256-6262-6335-6400-6412-6415-6417-6429-6538-6629-6647-6695-6700-6717-6821-6882-6901-6902-6944-6948-7025-7051-7064-7145-7181-7231-7332-7345-7406-7522-7549-7563-7572-7673-7739-7765-7768-7932-7965-8032-8070-8102-8103-8137-8173-8179-8194-8206-8294-8297-4341-4484-2055-7545-419-2539-3560-6157-383-4205-4824-6785-7478-58-87-1118-2070-2793-4643-5426-5572-5739-5922-6134-6501-29-52-55-63-77-85-107-225-246-247-319-333-363-405-428-431-544-547-585-607-749-778-790-797-798-823-826-854-871-932-1007-1034-1057-1132-1144-1147-1155-1163-1205-1288-1318-1322-1431-1468-1494-1625-1632-1643-1680-1694-1769-1772-1827-1858-1881-1933-1934-1982-1983-2010-2149-2164-2194-2214-2223-2242-2272-2293-2307-2330-2360-2438-2471-2491-2501-2535-2668-2670-2712-2736-2737-2783-2787-2791-2850-2860-2871-2970-2977-2998-3081-3093-3095-3196-3259-3297-3314-3328-3335-3387-3394-3421-3439-3486-3545-3561-3573-3611-3612-3656-3689-3710-3835-3844-3936-3988-4040-4219-4244-4268-4284-4371-4374-4429-4462-4480-4485-4486-4541-4559-4598-4607-4723-4732-4734-4740-4743-4831-4854-4962-4964-5004-5034-5063-5096-5142-5163-5252-5280-5303-5423-5447-5528-5560-5561-5594-5609-5678-5749-5774-5781-5808-5819-5833-5850-5854-5873-5944-5971-6014-6016-6046-6130-6217-6327-6351-6394-6405-6489-6568-6575-6680-6799-6913-6920-7019-7093-7186-7222-7330-7367-7385-7420-7432-7470-7474-7554-7654-7658-7699-7711-7775-7798-7838-7987-8035-8144-8149-8185-8227-8273-2903-4884-5314-3464-345-1180-1760-2003-2183-3286-5458-6527-8279-711-718-910-1496-2999-3007-3352-6195-6777-7632-26-116-128-135-156-166-194-216-252-350-424-448-590-642-648-687-751-864-890-1111-1382-1510-1550-1607-1663-1737-1778-1803-1820-1842-1871-1883-1937-1974-2000-2074-2161-2167-2172-2294-2338-2388-2422-2441-2507-2513-2532-2544-2575-2613-2713-2781-2798-2826-2855-2918-2960-3001-3037-3046-3050-3074-3101-3105-3187-3244-3311-3333-3338-3384-3393-3417-3459-3468-3673-3683-3764-3765-3771-3777-3837-3972-3984-4007-4126-4229-4348-4359-4384-4385-4445-4470-4530-4741-4760-4836-4959-4967-4971-5058-5065-5080-5155-5168-5228-5238-5245-5261-5273-5322-5326-5392-5413-5477-5494-5585-5634-5714-5811-5815-5822-5887-5901-5920-5956-6029-6068-6113-6165-6213-6248-6271-6341-6396-6431-6449-6475-6492-6510-6523-6548-6574-6613-6684-6807-6900-6940-6970-6998-7036-7058-7122-7176-7209-7248-7309-7602-7625-7663-7690-7791-7827-7845-7847-7960-8020-8182-8207-8222-8230-8272-8314,32-59-8-175-90-30-87-127-147,247.66666666666666,0.31280298100000437
instance_0008,967-1679-392-848-238-1703-233-1742-372-473-2040-1138-1536-1944-1348-17-846-985-1378-1051-1154-1429-1171-79-308-841-1117-1273-1438-1592-1743-1868-2016-787-745-1662-1403-1657-1036-138-2001-321-389-1391-1234-850-963-2167-1855-2104-2183-1773-456-251-793-1589-37-206-804-847-2111-460-1040-1658-2082-1101-1151-1156-356-704-1597-1957-32-652-887-1991-1911-1990-436-1274-1915-568-1899-382-405-512-649-986-1379-1521-1605-1914-2051-2181-263-277-575-592-789-1524-1632-2005-33-606-834-1251-1432-1465-1475-1757-1918-1980-2038-2065-1084-896-469-18-1707-1872-740-236-518-551-669-1219-67-72-231-828-1041-1285-1354-1369-1544-1695-1997-2152-2174-684-833-877-1672-1863-2043-1945-1203-630-1127-1708-430-713-1719-763-306-462-642-937-1024-1080-1308-1381-1942-1132-1788-1965-344-1345-747-927-531-1231-1728-15-580-721-2009-6-1361-1973-54-353-1655-394-317-614-0-1546-1894-1512-273-415-486-626-1074-1159-1317-1813-27-660-852-1305-2044-1576-1837-2149-2077-1885-472-900-1360-1769-535-63-944-2034-737-1869-2002-772-297-628-1933-872-60-1892-1812-2164-990-1630-1739-1949-1145-2137-650-1233-1334-1550-81-159-594-597-754-976-1085-1087-1424-2153-56-66-139-604-1454-1519-1772-2146-219-267-284-360-468-506-627-871-940-1070-1287-1522-1642-1771-1951-1984-1995-110-1832-782-106-2172-1839-21-1197-1978-1189-1005-1037-1601-320-643-1888-2139-2143-950-1016-1466-1557-1700-1732-2123-113-287-311-1390-1133-1167-1919-200-517-617-257-715-803-1134-174-194-204-234-380-482-576-810-1142-1339-1343-1599-1921-2156-105-555-917-1018-1211-1281-1325-2094,78-112-55-4-47-138-35-42-135-23-151-122-84-20-73-110-99-44-60-96,88.1,0.07584742700009883
instance_0009,19-42-17-23-59-36-5-68-2-46-39-1-9-3,180-2-272-40-142-80-269-203-300-69-70-31-303-73-125-32-36-104-37-167-42-217-50-24-172-148-219-253-41-178-150-280-159-43-201-84-87-244-216-89-74-18-140-262-124-52,1.434782608695652,0.009627655000031154
instance_0010,463-1023-282-1067-1273-140-1077-1205-1531-215-1427-218-523-154-517-1181-1448-439-1168-95-191-612-108-236-1480-305-680-962-963-868-1383-1410-1422-1487-773-342-852-1040-1255-562-103-1565-137-788-12-38-43-336-831-1110-1371-550-408-849-1162-321-1090-1260-909-948-1001-652-1315-863-475-1021-818-1113-1149-33-628-787-858-873-1000-238-604-185-901-508-988-1101-833-1225-1327-1359-851-1572-526-674-1535-452-910-401-1276-1232-1320-1344-56-554-691-1546-260-1353-272-657-1285-520-566-869-306-530-687-380-879-1083-915-1080-1438-132-1009-1072-1229-123-417-453-854-1053-1590-1267-1479-14-402-848-1204-57-1032-1361-405-747-880-1178-1317-1579-1586-216-7-489-522-983-41-398-1074-347-397-689-908-1064-1097-1326,251-232-42-6-206-221-230-179-191-138-309-311-380-359-159-226-100-44-376-212-30-177-162-163-321-351-167-137-89-273-111-80-217-316-158-157-69-234-228-130-20-154-126-378-79-202-145-85-101-142-63-284-370-144-112-339-77-168-278-379,7.266666666666667,0.09440038800005368
instance_0011,112-54-57-520-764-326-393-171-992-355-750-330-378-444-869-177-101-126-142-259-640-924-264-947-814-507-11-316-653-885-630-508-671-375-585-313-725-238-435-663-703-120-301-588-415-269-380-160-217-134-113-491-79-603-452-292-25-66-226-291-768-824-437-773-284-30-309-738-973-820-708-812-164-562-474-742-879-302-265-628-504-510-347-934-39-445-542-745-774-789-468-208-759-323-0-99-756-971-849-531-576-150-509-366-84-861-251-522-696-1008-10-334-429-553-464-976-70-956-140-201-373-709-196-412-695-343-222-234-420-993-41-684-788-851-877-964-582-180-237-168-984-802-1-111-394-399-890-149-311-436-862-732-354,90-179-254-129-220-43-223-307-68-342-84-373-170-6-171-182-261-115-246-138-61-158-214-88-319-240-198-184-140-109-181-277-288-259-202-113-300-250-22-332-8-130-53-239-128-227-14-217-157-328-44-173-101-136-229-132-206-347-142-293-188-167-266-282-249-280-197-200,6.647058823529412,0.0845873880000454
instance_0012,89-25-112-103-69-16-116-130-15-38-63-107-5,17-251-37-220-318-131-329-187-151-106-36-239-143-222-132-181-243-313-75-267-184-98-278-218-300-118-162-53-156-282-314-130,1.40625,0.010734463000062533
instance_0013,4630-5747-71-124-134-533-594-595-708-722-733-883-966-1036-1110-1273-1474-1502-1538-1730-1813-2041-2042-2061-2079-2184-2255-2270-2300-2521-2529-2647-2652-2761-2962-3175-3369-3470-3578-3632-3716-3755-3801-3803-3833-3993-4033-4065-4079-4128-4146-4206-4353-4367-4516-4557-4695-4724-4764-4802-4806-4889-4967-5048-5135-5138-5186-5268-5457-5767-5768-5808-5941-6087-6318-6422-6611-6675-6798-6879-6902-6907-7103-7190-7218-7249-7335-7453-7539-7839-7898-8016-8031-8089-8131-8232-6428-938-866-1297-5241-6417-6524-7012-19-190-242-287-312-323-356-541-604-629-674-767-832-915-1050-1209-1214-1732-1833-1973-2399-2411-2585-2802-2866-2887-2897-2901-3900-3920-4541-4744-4820-4859-5056-5144-5286-5354-5461-5706-5841-6222-6295-6432-6497-6562-6580-6772-7096-7131-7330-7343-7384-7525-7618-7622-8013-8032-8054-8109-8265-232-357-710-1346-1372-1572-1637-1683-1780-1892-2206-2210-2345-2470-2568-2637-2869-3017-3096-3116-3119-3187-3266-3626-3741-4379-4380-4924-5161-5173-5249-5333-5469-5483-5839-6126-6385-6392-6663-6670-6673-6721-6955-6980-7068-7426-7639-7645-7693-7725-8065-8295-8368-2697-1228-535-3346-2706-2185-5172-128-478-598-879-1038-1564-1580-1638-1722-1739-1989-2149-2253-2570-2730-2925-3077-3225-3421-3904-3999-4543-4672-4787-5060-5970-6009-6264-6641-6843-6861-6904-7027-7184-8155-8214-8259-795-4094-4882-7785-3742-824-836-1658-6230-5113-6050-6062-6072-6080-7796-2-40-305-1226-1403-1525-1657-1966-2019-2478-2684-2726-2875-3070-3467-3631-4689-4725-5143-5215-5261-5272-5297-5327-5372-6686-6913-7298-7433-7778-8009-8292-3255-6821-7216-1254-2263-1461-4448-65-222-233-310-363-408-425-758-786-990-999-1022-1182-1508-1531-1589-1632-1848-1903-2035-2217-2266-2357-2535-2599-2619-2721-2739-2805-2918-2924-3095-3181-3191-3417-3434-3553-3696-3776-3779-3925-3981-4043-4075-4096-4187-4456-4467-4504-4626-4828-4999-5075-5095-5374-5393-5454-5642-5677-5693-6054-6069-6146-6208-6228-6352-6496-6541-6763-6802-7062-7132-7151-7167-7280-7289-7670-7745-8181-8308-8314-2596-639-672-1661-5419-5599-6577-181-194-201-263-298-391-414-439-448-847-1007-1184-1336-1377-1479-1643-1712-1785-1789-1811-1835-2062-2298-2319-2354-2462-2471-2682-2740-2808-2898-3099-3143-3174-3184-3210-3322-3331-3335-3450-3547-3559-3649-3692-3832-3903-3924-4051-4125-4178-4198-4220-4345-4430-4499-4690-4840-4920-4923-4931-5002-5188-5246-5280-5320-5536-5564-5726-5777-6044-6077-6401-6457-6489-6648-6692-6726-6734-6852-7008-7029-7063-7145-7348-7353-7366-7442-7502-7616-7647-7691-7810-7966-7969-8066-8095-8154-7546-324-413-717-781-1057-2389-2513-2879-3504-3867-4218-4326-4547-4564-5218-5997-6298-6604-6609-6995-7076-7834-7356-1449-2329-4201-8206-614-696-702-902-1173-1527-1971-1987-2510-2582-2614-2630-2760-3111-3637-3686-4137-4145-4207-4536-4593-4666-5069-5140-5175-5323-5555-6266-6544-6573-6776-7252-7632-5224-2668-2857-3876-7236-8240-204-241-272-295-351-503-504-724-735-766-882-1155-1285-1399-1684-1719-1821-1917-1996-2089-2092-2105-2353-2392-2419-2459-2491-2593-2627-2649-2688-2827-2928-2961-3268-3288-3367-3445-3471-3522-3588-3629-3724-3767-3857-3898-3910-3929-3972-4085-4172-4211-4783-4904-4944-5054-5089-5262-5275-5345-5369-5433-5557-5575-5812-5921-6241-6271-6444-6579-6617-6622-6735-6946-7119-7129-7225-7524-7535-7591-7640-7701-7733-7822-7886-7924-8052-8076-8294-2538-977-3263-377-581-2162-4580-5267-5609-54-81-103-146-303-308-353-432-576-637-838-842-931-1062-1191-1231-1266-1503-1507-1524-1759-1797-1841-2015-2208-2400-2472-2482-2786-2801-2847-3000-3101-3204-3217-3438-3492-3541-3545-3790-3808-3927-4209-4236-4264-4377-4386-4402-4404-4945-4983-5049-5073-5077-5425-5560-5816-5917-5947-6213-6253-6256-6386-6387-6389-6519-6672-6755-6834-6884-7016-7116-7118-7266-7466-7558-7646-7817-7846-7907-8216-4779-5489-6949-4186-3091-773-6833-10-33-41-1213-1265-1603-1716-1877-1977-2107-2281-2778-3383-3608-3835-3938-4205-4226-4325-4458-4497-4605-4650-5245-5415-5482-5549-6612-6705-6967-7421-7542-7581-7641-7854-7926-7931-7947-8090-8290-8301-8319-1650-1044-3390-2179-43-1592-3939-319-352-370-436-510-550-705-757-783-861-904-922-988-1227-1267-1313-1335-1466-1488-1513-1607-1622-1627-1715-1723-1828-1843-1874-1911-1926-1947-2016-2106-2257-2260-2355-2417-2427-2439-2566-2606-2773-2790-2829-3136-3303-3509-3768-3987-4052-4095-4126-4200-4276-4438-4490-4530-4600-4621-4925-5174-5212-5273-5376-5496-5668-5741-5783-5790-5835-5995-6043-6438-6887-7058-7175-7318-7422-7423-7683-7794-7838-7991-8025-8107-8124-8167-8199-8337-8350-1620-2954-6805-67-135-223-267-336-394-519-525-568-645-651-714-959-1103-1252-1354-1401-1537-1578-1675-2553-2729-3087-3158-3497-3791-4154-4196-4851-4977-5339-5368-5456-5541-5598-5603-6051-6148-6176-6255-6345-6400-6503-6512-6535-6909-7163-8043-8100-6590-6903-8075-675-789-855-1067-1465-1614-1681-2167-2295-2754-2868-2911-2950-3259-3773-4414-4429-4641-4654-4708-4726-4973-5539-5984-6273-6461-6699-7000-7010-7223-7409-8225-4006-6269-6381-56-102-200-248-360-454-543-635-661-682-744-776-779-937-996-1019-1051-1063-1149-1234-1391-1569-1594-1652-1866-2012-2146-2214-2238-2278-2372-2375-2602-2662-2680-2763-3010-3038-3126-3150-3290-3600-3674-3743-3868-3879-4100-4477-4588-4640-4990-5001-5114-5276-5495-5635-5648-5731-5732-5734-5793-5831-5853-5976-5985-6001-6055-6198-6276-6340-6348-6390-6419-6449-6500-6501-6534-6556-6561-6614-6709-6730-6809-6847-6891-6911-6947-7060-7070-7172-7181-7207-7255-7260-7284-7394-7489-7499-7576-7790-7828-7958-7981-8145-8284-2111-322-1613-73-411-806-976-1011-1240-1426-1595-2233-2306-2346-2453-2524-2746-3032-3045-3135-3160-3585-3593-3884-4031-4357-4613-5349-5690-6007-6178-6280-6801-6921-7159-7242-7400-7477-7708-7756-7895-7941-1338-860-2633-3800-4239-5426-6189-6411-6627-6752-6926-7083-7214-8215-2286-6301-1705-7833-3785-5633-76-99-186-269-309-534-1134-1701-1720-1914-1945-2002-2067-2142-2203-2288-2317-2489-2561-2725-2836-2944-2958-2967-3021-3127-3309-3430-3572-3620-3651-3761-3955-4092-4105-4384-4514-4776-4832-4878-4917-5118-5134-5587-5630-5643-5705-5858-5897-6029-6220-6251-6475-6531-6548-6678-6796-6933-7089-7780-7801-7918-8147-8182-8226-8253-8340-623-7510-137-189-327-523-552-768-1049-1268-1455-1943-1962-2087-2820-2874-2906-3056-3256-3371-3458-3663-4793-4890-4937-5126-5165-5168-5514-5526-5561-5847-5854-5965-6038-6173-6359-6402-6520-6860-6990-7011-7074-7099-7285-7566-7881-8010-5674-498-4615-6756-6848-6859-243-354-368-420-430-625-811-844-874-1091-1125-1193-1307-1433-1754-1824-1938-1948-1980-2121-2168-2237-2362-2687-2863-3002-3221-4003-4321-4407-4432-4513-4538-4573-4963-5063-5304-5488-5625-5653-5909-6186-6523-6658-6719-6750-7006-7032-7162-7177-7324-7367-7372-7627-7697-7713-8129-8137-8158-8163-8234-2445-5322-5977-6783-15-129-636-739-1189-1257-1290-1549-1556-1930-2249-2378-2402-2528-2693-2733-2795-2814-2822-2831-2965-3173-3443-3546-3665-3965-4257-4270-4271-4275-4293-4447-4526-4555-4597-4770-4916-4995-5395-5471-5814-5860-6060-6089-6157-6169-6211-6369-6418-6650-6683-6885-7043-7204-7519-7613-8116-38-70-406-431-748-829-928-935-939-1076-1222-1245-1316-1398-1493-1612-1896-2273-2502-2635-2648-2907-2941-3019-3068-3360-3512-3537-3592-3699-3854-4061-4143-4625-4918-4972-5070-5074-5401-5531-5616-5845-5894-5928-5930-5978-6040-6111-6134-6639-6665-6812-6870-6997-7133-7291-7322-7455-7463-7553-7815-7909-7938-7942-8011-8084-8297-8318-1174-1334-3886-5446-6518-122-216-418-548-822-826-1129-1457-1591-1600-2282-2437-2533-2670-2677-3094-3107-3145-3404-3449-3551-4138-4197-4284-4289-4291-4484-4552-4575-4810-4811-4986-5209-5216-5565-5567-5610-5948-5956-6019-6031-6147-6177-6320-6384-6443-6613-6677-6773-6849-6952-7143-7144-7268-7428-7516-7554-7597-7755-8101-8211,290-215-266-97-339-77-52-213-343-140-240-108-31-67-409-269-40-361-56-22-280-313-296-170-373-249-217-326,64.89285714285714,0.27470731799996884
instance_0014,2272-9743-9759-8927-10223-10454-7964-9660-10381-2166-3308-4454-7630-7718-9632-10573-10281-10375-488-6220-1756-3708-4901-5572-6021-78-87-163-322-782-820-921-1251-1964-2051-2056-2106-2131-2146-2197-2309-2539-2556-2701-2878-2948-3002-3038-3056-3061-3069-3120-3159-3246-3362-3396-3525-3652-3676-3765-3779-3804-3881-3931-3959-4064-4073-4164-4302-4718-5224-5440-5632-5734-5942-5963-6217-6393-6420-6479-6779-6950-7171-7172-7290-7489-7525-7546-7561-7583-7776-7946-7960-8075-8094-8171-8241-8317-8333-8360-8420-8469-8473-8650-9035-9107-9186-9539-9617-9688-9811-9870-9885-9969-10247-10389-10522-10997-11000-11115-11372-11422-11437-11561-11707-11794-12047-12104-12208-12233-3288-4636-8309-6800-9597-11245-11854-5-7-118-190-302-375-453-500-914-928-957-1155-1210-1288-1316-1413-1445-1559-1573-1614-1747-1774-1790-1916-1947-2401-2511-2637-2655-2665-2671-2800-2925-2930-2942-3274-3476-3618-3636-3731-3840-3968-4000-4080-4258-4419-4853-5205-5274-5390-5535-5613-5733-5856-5956-5960-6075-6244-6289-6310-6537-6599-6945-6979-6999-7242-7655-8018-8125-8347-8383-8510-8598-8905-8920-8976-9012-9127-9145-9365-9447-9453-9465-9516-10017-10119-10255-10467-10691-10706-10771-10802-11081-11376-11576-11623-11984-12011-12103-12315-12354-12369-5056-6453-8207-149-379-415-480-576-641-679-846-903-1059-1087-1201-1236-1606-1915-1919-2054-2177-2192-2279-2293-2299-2445-2631-2639-2830-2831-3073-3298-3322-3334-3395-3531-3653-3814-3834-3877-3883-4220-4249-4509-4534-4622-4873-4986-4994-5078-5104-5180-5334-5340-5376-5431-5479-5529-5531-5597-5889-5890-6109-6125-6126-6219-6245-6307-6375-6376-6398-6413-6532-6881-6986-7034-7037-7077-7206-7256-7379-7395-7417-7496-7554-7574-7580-7812-7920-7923-7980-8080-8151-8401-8466-8727-8753-8782-9011-9045-9138-9214-9216-9297-9373-9480-9490-9620-9628-9683-9737-9808-9959-10116-10231-10299-10399-10508-10520-10734-10873-10883-11140-11256-11390-11438-11476-11710-11712-11739-11848-11871-12191-12255-5655-2233-10053-408-4332-9616-10441-11529-12074-58-95-109-209-450-524-649-657-671-811-835-878-973-1204-1258-1403-1421-1449-1474-1543-1710-1733-1856-1902-2490-2515-2576-2867-2880-2991-3220-3251-3557-3735-3747-3935-3962-4157-4473-4690-4829-4933-4935-5102-5404-5458-5561-5625-5757-5766-5935-6452-6674-6902-7338-7720-7767-7959-7962-8114-8271-8707-8773-9072-9093-9390-9834-10271-10412-10482-10574-10901-11903-12068-12356-5887-1055-4260-6841-7045-279-610-650-697-703-713-855-907-933-936-952-1106-1233-1506-1556-1626-1641-1701-1723-1799-1815-1976-2048-2185-2355-2481-2722-2753-2769-2887-3052-3155-3355-3437-3451-3458-3713-4036-4279-4320-4341-4451-4463-4686-4902-5005-5044-5204-5311-5409-5423-5446-5516-5575-5579-5882-5997-6035-6056-6667-6860-7337-7371-7886-7906-7909-7990-8030-8189-8327-8422-8630-8657-8691-8897-8915-8979-9085-9312-9503-9689-10226-10418-10832-10876-10980-10982-10987-11062-11153-11234-11403-11877-12151-12205-692-881-2674-5502-7220-10023-22-61-129-199-407-417-441-452-579-798-1100-1200-1244-1280-1456-1468-1706-1776-1828-1957-2000-2164-2169-2369-2381-2390-2471-2559-2731-2892-2903-2935-3165-3186-3412-3459-3944-4186-4189-4247-4429-4598-4619-4682-4685-4769-4847-4906-4929-4937-4992-5181-5213-5259-5306-5555-5815-5897-6107-6238-6285-6351-6488-6659-6688-6706-6968-6989-7000-7183-7188-7284-7321-7327-7330-7343-7429-7470-7472-7625-7881-8214-8300-8557-8675-8697-8779-8814-8935-8944-8982-9084-9103-9229-9251-9288-9361-9366-9379-9400-9627-9708-9752-9776-9802-9903-9927-9953-10070-10222-10286-10565-10730-10822-10865-11036-11302-11323-11538-11591-11671-11929-12016-12221-12236-12250-12366-12392-9555-502-598-8068-8936-9818-10016-11032-119-377-398-401-411-424-556-594-1189-1489-1979-2425-2656-2678-2841-3323-3536-3551-3555-3971-4006-4055-4377-4491-4582-4652-4668-4948-5079-5519-5528-6259-6686-6834-7019-7259-7410-7747-7787-8055-8142-8203-8350-8368-8440-8508-9289-9301-9330-9410-9493-9589-9766-9774-9803-9849-10048-10093-10094-10142-11228-11500-11872-11946-11956-12365-5842-1900-2047-2210-2384-2550-3063-3266-3303-3542-3781-3982-4142-4317-4329-4386-4392-4401-4500-4503-4512-4653-4876-5064-5089-5268-5374-5427-5821-5877-6730-6846-7210-7806-7807-7815-7904-8251-8281-8642-8823-9968-10235-10601-10651-11208-11212-11520-11909-8689-5941-10354-164-1112-1688-1751-1783-1941-2493-2658-2865-3211-3218-3849-4339-4482-4735-4855-5301-5449-5599-5975-7090-7162-7193-7404-7843-8429-8735-8736-9457-9573-9829-9895-11217-11242-11787-2951-491-6995-267-3043-3906-4973-5923-6272-7106-7457-274-383-455-533-755-757-829-884-1119-1139-1291-1300-1373-1376-1433-1466-1485-1596-1724-1923-1958-2016-2049-2181-2224-2356-2737-2998-3168-3430-3668-3686-3809-4118-4343-4370-4645-4772-4777-4834-5248-5332-5451-5763-5813-5862-5876-5917-6252-6363-6583-6763-6819-6915-6929-6941-6987-7275-7407-7560-7689-7773-7830-8116-8311-8362-8738-8873-9003-9040-9098-9205-9740-9899-9951-9974-10047-10100-10176-10220-10257-11247-11368-11442-11443-11516-11668-11765-11882-11887-12032-12160-12285-12289-2770-5387-5878-8887-283-289-537-941-1007-1377-1432-1568-1630-1922-2100-2203-2288-2985-3279-3621-3696-3768-3867-3882-3884-4143-4197-4477-4569-4594-4657-4962-5293-5536-5642-5701-5851-6101-6303-6570-6601-6708-6761-6826-6828-7566-7661-7755-7828-8085-8250-8792-8910-9022-9343-9479-9515-9668-9736-9928-10536-10728-10784-11024-11213-11358-11387-11409-11484-11841-731-931-2967-3016-4038-7709-10658-10732-369-419-457-1005-1277-1293-1390-1752-1859-2085-2223-2302-2594-2805-3224-3434-3548-3680-3961-4100-4353-4388-4585-4753-4791-4881-5124-5167-5185-5189-5315-5618-5735-5740-5832-5932-6189-6263-6518-6593-6597-6892-6998-7004-7041-7055-7195-7238-7267-7269-7488-7534-7573-7610-7681-7705-7948-8066-8096-8194-8293-8443-8489-8492-8504-8573-8923-9037-9070-9094-9222-9226-9231-9281-9346-9477-9484-9514-9520-9540-9664-9975-10135-10256-10323-10560-10591-10650-10919-10993-11223-11664-11711-11777-11781-11914-11992-11994-12041-12075-11876-4215-11172-1124-1134-9336-9904-567-640-2003-2162-4747-4909-5712-5874-5898-7282-7444-7711-7712-7854-8104-8140-8480-8811-8964-9047-9445-9504-10712-10923-11345-12124-12291-2786-873-3455-4008-5443-9650-116-736-823-858-1128-1202-1534-1725-1868-1930-1948-2102-2213-2251-2741-2748-4023-4195-4529-4532-4632-4779-4905-5240-5328-5470-5492-5532-5871-6412-6755-7486-7613-7676-7683-8106-8168-8310-8551-9144-9305-9315-9574-9669-9837-10073-10362-10505-11038-11419-11563-11790-12090-12184-12239-4850-5290-63-472-964-1418-1609-1730-1750-1804-1978-1981-2460-2567-2697-2861-3039-3145-3301-3379-3850-4495-4605-5011-5043-5057-5229-5576-5804-5905-6424-6598-6621-6631-6639-6894-6925-6991-7015-7059-7094-7391-7480-7501-7914-8308-8433-8524-8677-8878-8947-9046-9232-9661-9875-10123-10379-11165-11190-11214-11933-12017-12187-12261-12382-6200-7588-9031-1595-2918-3287-3527-3724-4069-5623-9399-10953-88-479-597-788-961-978-1080-1098-1275-1348-1820-1887-1896-2007-2021-2261-2328-2387-2603-2816-2888-3071-3252-3327-3498-3502-3630-3643-3755-3819-3941-4070-4188-4196-4616-4625-4913-5322-5362-5452-5483-5608-5609-5920-6007-6050-6086-6444-6497-6578-6750-6992-7054-7074-7261-7412-7939-8292-8341-8591-8592-8837-8847-8995-9075-9370-9433-9836-10157-10248-10343-10534-10751-10775-11035-11068-11545-11735-12115-12219-12330-12343-9853-11949-350-495-646-741-747-1321-1769-3611-4530-4547-5566-5926-6140-6158-6280-6436-6645-7152-7543-8338-8804-9280-9421-9591-9894-11991-12146-7653-6534-8319-468-1547-2764-3212-3608-3703-5586-6218-6849-8238-49-89-92-108-366-469-596-791-897-945-968-1018-1028-1182-1320-1570-1594-1659-1775-1816-1845-1873-1889-1965-2060-2365-2367-2452-2486-2543-2709-2759-2834-2899-2900-2984-3111-3228-3249-3307-3468-3823-3829-3841-3983-4042-4117-4122-4238-4283-4606-4704-4724-4730-4774-4820-4867-4998-5138-5201-5327-5386-5413-5543-5634-5671-5695-5727-5847-5891-5987-6212-6242-6300-6457-6517-6558-6676-6715-6890-6940-6955-7010-7089-7215-7487-7497-8017-8023-8115-8237-8439-8478-8541-8567-8597-8996-9164-9183-9218-9277-9287-9334-9385-9672-9720-9922-9936-9955-9986-10109-10335-10510-10610-10789-10813-10829-10856-10897-11054-11160-11285-11450-11509-11730-11983-12010-12133-12154-12362-12374-4934-4914-0-106-121-252-278-381-464-633-774-1065-1099-1248-1353-1383-1425-1623-1700-2027-2183-2551-2863-3365-3684-3864-3891-3966-4062-4208-4620-4740-5343-5361-5693-5859-6036-6328-6382-6898-6958-7104-7160-7424-7742-7823-7973-8301-8444-8463-8555-9125-9318-10250-10538-10555-10618-10620-11023-11076-11691-11740-11780-12030-12059-12292-12378-1032-7153-3812-3945-4527-4590-6564-9658-11188-18-179-226-800-1163-1197-1198-1211-1707-2301-2359-2426-2546-2562-2921-3020-3036-3413-3448-3550-3598-3751-3926-3991-4151-4158-4242-4280-4357-4699-4771-5148-5469-5471-5657-6257-6462-6606-6784-6799-7116-7885-8002-8047-8078-8095-8150-8283-8992-9024-9195-9255-9257-9278-9505-9663-10853-10995-11083-11204-11252-11277-11466-12028-12076-12281-12302-3526-7057-210-260-473-723-910-927-1052-1143-1566-1711-1782-1847-2218-2581-2597-2712-2826-2840-3027-3091-3148-3329-3541-3600-3637-4232-4521-4765-4767-5337-5373-5439-5644-5925-6001-6454-6757-6818-7199-7382-7725-7800-8120-8424-8535-9154-9242-9292-9716-10507-10689-10740-10814-10854-10972-11095-11169-11262-11398-11415-11662-11770-10736-4203-1170-1554-4121-7350-10977-201-378-481-609-842-868-955-1020-1063-1334-1387-1479-1529-1764-1875-2103-2144-2319-2592-2825-2936-3054-3086-3097-3197-3231-3385-3406-3610-3766-3773-4221-4817-4869-5109-5365-5550-5788-5880-6119-6392-6546-6576-6663-6673-7595-7969-7970-8041-8117-8183-8233-8257-8320-8376-8565-8586-8593-8599-8668-8695-8892-8898-9029-9128-9319-9464-9610-9621-9671-10007-10032-10181-10184-10430-10548-10572-10686-10719-10959-11004-11091-11124-11279-11423-11587-11737-11945-12083-12128-12186-2547-9320-10284-10634-15-160-388-476-486-772-1079-1160-1186-1295-1393-1470-1486-1508-1539-1643-1716-1753-1792-1950-2001-2128-2313-2441-2512-2513-2609-2691-2858-2968-3001-3181-3229-3340-3470-3483-3512-3640-3929-4003-4173-4212-4352-4366-4515-4566-4640-4677-4832-4939-5136-5356-5378-5432-5509-5643-5698-5845-5846-5883-6111-6230-6638-6679-6744-6793-6798-6932-7086-7113-7219-7231-7322-7612-7663-7986-7989-8450-8465-8634-8722-8805-8810-8983-9176-9296-9687-9854-9858-10008-10101-10227-10265-10302-10366-10537-10589-10726-10967-11236-11273-11319-11468-11505-11546-11552-11809-12161-12340,50-168-133-173-291-27-35-352-365-165-270-226-248-410-240-393-8-314-263-392-234-203-326-247-177,89.32,0.4135391570000593
instance_0015,4047-4301-4297-5811-33-271-509-657-1199-1265-1534-1544-1623-1712-1750-1986-2101-2160-2161-2227-2446-2515-2607-3312-3668-3709-3806-3842-4242-4600-4658-4848-4868-5051-5289-5366-5826-7029-7046-7195-1002-463-511-526-874-962-1287-1328-1806-1944-2660-2715-2754-3379-4163-4398-4478-4744-5148-5409-5450-5487-5547-5768-5935-6053-6181-6614-6867-7164-1727-6651-1795-2247-2869-5463-80-196-204-294-347-414-416-515-620-729-741-943-1029-1129-1139-1431-1559-1633-1648-1661-1666-1682-1690-1767-1883-1887-2059-2076-2105-2163-2171-2222-2285-2323-2353-2360-2387-2577-2651-2689-2741-2751-2767-2816-3020-3127-3308-3323-3542-3613-3615-3722-3811-3853-3953-3983-4081-4096-4104-4153-4176-4231-4278-4382-4418-4481-4491-4529-4549-4629-4685-4709-4716-4905-4970-5187-5438-5537-5625-5680-5688-5702-5748-5814-5871-5987-6048-6049-6366-6462-6530-6557-6622-6662-6795-6989-6997-7013-7137-7215-7222-7289-7356-15-30-184-190-380-487-523-525-600-759-1098-1154-1207-1284-1319-1350-1394-1501-1524-1572-1591-1607-1674-2021-2025-2047-2071-2111-2328-2361-2367-2381-2406-2571-2673-2691-2760-2789-2880-3023-3043-3102-3111-3320-3390-3431-3568-3693-3707-3985-4027-4128-4272-4284-4306-4314-4430-4563-4860-4966-5082-5605-5747-5821-5958-6118-6184-6438-6502-6510-6522-6635-63-2264-2770-3552-4726-6383-6625-2-14-115-139-215-382-408-575-711-799-811-886-897-1028-1084-1101-1103-1322-1535-1680-1773-1775-2016-2119-2170-2303-2324-2372-2395-2484-2648-2736-2985-3371-3505-3549-3576-3600-3602-3610-3617-3702-3760-3774-3778-3796-3884-3926-4011-4196-4197-4261-4366-4448-4467-4530-4700-4754-4778-4813-4982-4984-5007-5035-5045-5103-5220-5393-5396-5410-5481-5541-5616-5629-5641-5800-5863-5867-6038-6059-6062-6256-6271-6504-6513-6580-6794-6820-6824-6846-6864-6976-7118-7179-7188-7350-5153-3591-1136-2138-90-4005-161-279-431-767-786-922-1496-1627-1753-1756-1925-1982-2546-3108-3113-3443-3588-3676-3687-4002-5418-5419-5665-5866-6008-6324-6550-6998-5991-7005-1605-4007-2126-3204-3306-3652-4605-6639-71-177-213-265-632-637-804-992-1104-1115-1189-1280-1321-1379-1463-1468-1550-1812-1867-1903-2001-2343-2624-2925-3053-3250-3447-3474-3497-3503-3562-3627-3648-3834-3844-3937-3947-4078-4102-4425-4542-4908-4932-5372-5453-5471-5617-5674-5682-5735-5801-5911-5922-6000-6070-6103-6156-6268-6470-6582-6608-6673-6786-7004-7036-7094-7154-7178-7327-7343-5532-2270-4882-6124-7133-25-135-167-239-342-364-386-622-664-700-701-732-751-805-1197-1204-1318-1442-1552-1708-1745-1761-1822-1915-2096-2362-2419-2653-2814-2912-2970-3028-3136-3333-3402-3594-3608-3754-3818-3936-3952-3961-4062-4213-4277-4374-4403-4513-4695-4717-4791-4913-5067-5186-5205-5228-5265-5303-5586-5778-5794-5952-6002-6023-6077-6085-6197-6337-6540-6572-6747-6763-6830-6876-7062-7093-7189-7196-7284,94-6-74-234-89-279-32-244,78.625,0.10196020399996542
instance_0016,9-35-81-112-133-137-214-228-246-260-301-304-326-330-352-364-365-386-430-444-460-468-482-540-546-593-616-659-668-687-700-718-734-746-757-759-760-776-849-860-915-920-923-927-933-978-982-988-1021-1028-1034-1058-1063-1075-1089-26-38-58-80-90-94-97-103-114-127-138-177-179-233-284-286-300-303-315-325-337-429-446-449-474-477-500-508-509-519-527-551-557-577-598-599-617-630-653-702-740-794-846-861-884-886-929-951-966-968-1022-1051-1070-1074-1081-1097-1107-17-42-47-98-107-128-130-140-165-184-189-197-205-210-213-215-237-250-282-302-308-323-342-355-358-360-373-389-398-455-488-499-556-558-582-589-591-603-634-657-664-683-705-774-791-816-817-829-834-874-887-899-900-911-913-917-940-958-991-1000-1020-1077-1088-1098,38-45-84,58.666666666666664,0.01213975300004222
instance_0017,12-16-31-62-85-90-104-106-109-129-149-193-222-250-290-301-314-341-345-381-5-18-28-49-123-230-234-247-271-273-297-300-390-415-277-304-385-161-279-296-89-54-95-102-126-127-136-153-162-166-175-203-207-208-217-264-270-272-282-315-342-346-347-353-361-366-388-398-25-27-33-39-135-148-160-177-184-249-299-312-317-318-325-351-357-382-404-406-409-414-6-23-40-88-108-144-146-147-213-220-226-252-334-356-365-377-9-47-72-121-174-190-194-195-238-244-291-298-323-339-374-59-111-117-124-132-215-216-268-278-281-293-313-380-383-386,40-72-4-64-50-71-62-19-75-48,13.6,0.007389660000058029
instance_0018,1798-1867-65-357-371-622-718-726-1254-1322-1448-1576-1712-2098-2116-2146-2246-2337-2429-2474-630-1357-409-1250-1535-2018-96-111-159-275-321-342-353-396-421-457-487-533-590-600-604-606-618-637-656-703-782-808-862-894-933-963-992-1088-1097-1276-1340-1549-1612-1710-1738-1857-1906-1990-2144-2208-2243-2302-722-271-1266-1994-2140-2234-2266-158-211-309-326-400-583-612-696-805-866-873-947-959-960-1024-1027-1079-1190-1273-1316-1354-1393-1452-1501-1502-1520-1573-1579-1619-1636-1694-1745-1765-1768-1819-1859-1914-2135-2168-2217-2223-2247-2344-2361-2414-2458-2459-2488-2541-2570-2583-2632-2661-2677-1921-1135-964-1297-1715-2667-39-69-75-121-147-184-208-270-281-349-374-375-414-415-425-465-571-587-589-642-733-781-822-829-830-905-962-1039-1070-1105-1131-1189-1237-1264-1292-1364-1390-1511-1524-1629-1649-1657-1686-1727-1735-1751-1756-1828-1856-1932-1938-1955-1959-1973-1989-2102-2174-2176-2186-2193-2226-2229-2237-2239-2260-2364-2376-2401-2406-2438-2439-2452-2465-2477-2528-2554-2579-2673-2533-10-29-46-128-161-252-350-391-416-448-452-486-494-528-564-591-616-699-744-798-876-877-889-907-961-969-976-980-986-1028-1036-1067-1139-1163-1176-1206-1216-1257-1309-1396-1401-1415-1431-1503-1557-1559-1632-1680-1685-1746-1772-1821-1876-1886-1908-2028-2029-2034-2044-2060-2120-2205-2244-2252-2333-2372-2397-2417-2485-2493-2507-2548-2614-2638-2643-2662-19-1204-1683-7-1826-27-106-129-191-214-474-476-481-517-602-689-751-778-1002-1014-1103-1109-1230-1344-1398-1458-1518-1593-1600-1633-1666-1792-1794-1855-1893-2003-2046-2056-2076-2093-2104-2155-2268-2276-2294-2315-2323-2326-2390-2392-2435-2530-2563-2564-2565-2571-2608-2613-260-1978-754-989-2582-22-50-97-143-163-205-307-313-316-369-384-419-436-484-521-546-572-613-620-634-659-690-734-768-803-863-882-887-997-1037-1057-1065-1077-1123-1191-1246-1249-1325-1359-1412-1453-1463-1510-1552-1568-1574-1590-1640-1684-1691-1703-1883-1948-1970-1986-2126-2132-2264-2308-2342-2599-2621-1482-1681-2101-2374-1699-150-178-231-277-291-308-434-475-561-592-633-651-673-679-680-683-685-758-784-842-843-955-1069-1087-1095-1142-1169-1183-1201-1220-1229-1299-1303-1304-1315-1407-1422-1430-1460-1479-1540-1545-1556-1599-1664-1665-1672-1702-1790-1822-1824-1879-1882-1918-2012-2020-2024-2063-2077-2160-2213-2214-2236-2277-2423-2482-2491-2521-1802-1787-195-347-525-847-1707-1880-17-98-100-101-107-126-188-207-209-227-244-247-293-332-429-467-480-507-573-686-701-708-827-828-871-946-974-1001-1012-1089-1091-1157-1188-1209-1233-1252-1298-1361-1362-1488-1546-1601-1676-1708-1788-1820-1911-1917-1962-2025-2051-2059-2122-2301-2330-2358-2387-2413-2444-2492-2502-2511-2543-2551-2572-2576-2615-2617-2045-243-71-344-1006-1537-2373-35-45-55-60-62-63-88-99-175-334-335-364-389-405-433-445-455-503-510-516-653-705-791-841-859-884-896-988-1045-1071-1235-1248-1306-1314-1346-1371-1411-1418-1529-1562-1641-1660-1687-1736-1778-1850-1925-1928-1935-1952-2026-2031-2038-2151-2172-2178-2233-2328-2349-2354-2426-2437-2446-2457-2460-2517-2559-2578-2580-2626-2639-2658-2669-849-932-2303-2549-2470-1742-2219-37-57-145-259-311-315-432-446-496-566-585-720-723-790-899-936-954-1033-1082-1145-1185-1425-1459-1487-1490-1532-1536-1689-1696-1734-1761-1799-1909-1979-2022-2069-2095-2134-2137-2177-2270-2274-2313-2324-2345-2346-2391-2404-2405-2419-2427-2433-2500-2567-2588-2590-2623-2631-103-1137-1807-5-44-109-151-173-395-450-479-548-610-676-794-813-833-835-891-922-990-1003-1004-1005-1049-1051-1081-1096-1132-1158-1228-1271-1397-1404-1419-1428-1491-1512-1577-1589-1623-1659-1667-1705-1709-1724-1732-1752-1766-1773-1797-1813-1825-1862-1873-1889-1901-1976-1997-2047-2145-2159-2173-2210-2231-2467-2506-2515-2522-2539-2569-2584-2620-2665,42-67-28-20-71-89-65-16-62-21-24-58,73.58333333333333,0.061230308000062905
instance_0019,1661-178-1183-24-634-676-985-1703-1806-1954-2025-2110-2149-2199-12-14-20-34-60-81-87-107-108-132-141-144-179-215-243-248-282-296-301-318-334-339-340-341-352-356-366-375-389-393-402-428-431-449-460-475-487-501-513-520-524-534-536-537-543-547-555-565-586-600-608-623-681-708-710-722-729-744-756-760-774-799-801-806-807-817-825-826-829-831-842-857-947-957-962-979-984-988-1002-1016-1045-1046-1065-1069-1119-1124-1131-1145-1167-1178-1182-1199-1219-1227-1231-1237-1254-1258-1275-1282-1315-1331-1340-1353-1361-1377-1382-1384-1394-1395-1412-1414-1431-1454-1468-1477-1479-1484-1485-1509-1527-1542-1544-1553-1587-1616-1625-1645-1653-1688-1708-1733-1737-1746-1750-1764-1777-1778-1820-1830-1868-1883-1910-1939-1966-1976-1981-2019-2030-2037-2043-2060-2070-2094-2095-2099-2114-2122-2128-2131-2132-2150-2156-2182-2185-2191-2209-2211-2219-2222,38,202.0,0.032979112000020905
instance_0020,4-3-0,1-3-0,3.3333333333333335,0.0003243229999725372
